date,code,open,high,low,close,volume,amount
2014-01-27,300378,24.92,29.91,24.92,29.91,19214.0,57063268.0
2014-01-28,300378,32.9,32.9,32.9,32.9,89393.0,294104960.0
2014-01-29,300378,34.5,35.03,32.83,34.09,196079.0,663731264.0
2014-01-30,300378,32.55,33.2,31.0,31.28,90176.0,288115136.0
2014-02-07,300378,30.3,32.53,30.03,32.19,58530.0,185687488.0
2014-02-10,300378,32.38,35.17,31.91,34.35,94692.0,319561152.0
2014-02-11,300378,34.3,35.78,32.56,35.09,103921.0,357791872.0
2014-02-12,300378,34.78,38.6,34.6,38.6,120728.0,452701856.0
2014-02-13,300378,38.88,38.88,36.88,37.5,90038.0,338620160.0
2014-02-14,300378,37.67,40.34,37.12,39.9,98762.0,384663040.0
2014-02-17,300378,39.89,41.99,38.83,40.88,86576.0,349025728.0
2014-02-18,300378,40.5,41.97,39.02,39.45,85546.0,343421728.0
2014-02-19,300378,39.25,39.88,37.24,38.08,61147.0,233435968.0
2014-02-20,300378,37.98,39.98,37.01,38.38,61196.0,235957792.0
2014-02-21,300378,38.0,39.6,37.41,38.87,45324.0,174752480.0
2014-02-24,300378,38.51,39.68,38.48,39.4,39554.0,154735072.0
2014-02-25,300378,39.85,43.33,37.5,38.4,99852.0,409532480.0
2014-02-26,300378,36.82,37.45,34.56,36.88,57863.0,210036576.0
2014-02-27,300378,36.8,37.49,34.1,34.26,49873.0,177747312.0
2014-02-28,300378,34.4,36.09,34.1,35.85,39414.0,138751232.0
2014-03-03,300378,35.75,39.3,35.41,39.02,63313.0,239766800.0
2014-03-04,300378,38.06,40.44,37.11,38.81,61864.0,238653488.0
2014-03-05,300378,39.0,41.86,38.4,39.86,77092.0,309732736.0
2014-03-06,300378,39.74,43.85,37.81,42.12,94897.0,390105920.0
2014-03-07,300378,41.7,41.99,38.7,38.92,71902.0,290086912.0
2014-03-10,300378,37.62,38.65,36.6,36.81,37676.0,141348800.0
2014-03-11,300378,37.01,37.94,36.21,37.85,39074.0,145836080.0
2014-03-12,300378,37.33,37.65,35.27,36.9,43309.0,158210816.0
2014-03-13,300378,36.33,37.34,36.25,36.69,21592.0,79212160.0
2014-03-14,300378,36.28,37.57,36.01,36.91,29899.0,110457904.0
2014-03-17,300378,36.5,37.16,36.1,37.16,23998.0,88135280.0
2014-03-18,300378,37.0,38.8,36.86,37.54,39600.0,150142800.0
2014-03-19,300378,37.25,37.25,35.81,36.49,32902.0,119707408.0
2014-03-20,300378,36.09,36.66,34.98,34.98,29487.0,105050360.0
2014-03-21,300378,34.85,35.44,33.74,34.92,24887.0,85789872.0
2014-03-24,300378,34.79,34.99,33.05,33.16,27160.0,92040840.0
2014-03-25,300378,33.0,33.74,32.82,33.31,14995.0,49911988.0
2014-03-26,300378,33.5,33.81,33.23,33.28,12286.0,41196388.0
2014-03-27,300378,33.06,33.48,31.08,31.1,20808.0,66771180.0
2014-03-28,300378,31.01,32.06,29.92,31.05,28126.0,87042560.0
2014-03-31,300378,30.74,31.15,29.5,30.35,15382.0,46768020.0
2014-04-01,300378,30.08,31.1,30.03,30.83,14188.0,43702428.0
2014-04-02,300378,30.95,31.27,29.89,31.18,21300.0,65025164.0
2014-04-03,300378,30.96,31.85,30.51,30.9,19289.0,60186488.0
2014-04-04,300378,30.8,31.73,30.32,31.29,14959.0,46640928.0
2014-04-08,300378,30.68,31.48,30.2,31.32,18736.0,57856488.0
2014-04-09,300378,30.96,31.94,30.91,31.8,28405.0,89422464.0
2014-04-10,300378,31.61,32.73,31.44,31.58,30949.0,99176944.0
2014-04-11,300378,30.99,30.99,30.27,30.32,19242.0,58770776.0
2014-04-14,300378,30.12,30.52,30.12,30.26,10841.0,32831836.0
2014-04-15,300378,30.3,30.6,30.12,30.3,10452.0,31718940.0
2014-04-16,300378,30.2,30.37,29.75,29.95,10702.0,32103962.0
2014-04-17,300378,30.19,30.6,30.01,30.4,11723.0,35669012.0
2014-04-18,300378,30.4,30.75,30.22,30.65,10722.0,32739242.0
2014-04-21,300378,30.48,31.67,30.04,30.86,23142.0,71990744.0
2014-04-22,300378,30.64,31.26,30.15,30.6,15220.0,46597724.0
2014-04-23,300378,30.5,31.12,30.28,30.47,9777.0,29997428.0
2014-04-24,300378,30.31,30.47,28.77,28.92,19911.0,58677132.0
2014-04-25,300378,28.84,29.06,27.79,27.98,14979.0,42534200.0
2014-04-28,300378,27.67,27.95,25.81,25.83,16892.0,44983532.0
2014-04-29,300378,25.99,26.55,25.84,26.55,11736.0,30782456.0
2014-04-30,300378,26.28,26.68,26.12,26.65,9446.0,25010702.0
2014-05-05,300378,26.48,27.4,26.22,27.33,9298.0,25041794.0
2014-05-06,300378,27.33,28.67,27.03,28.22,19526.0,55069044.0
2014-05-07,300378,28.01,28.96,27.36,28.35,21487.0,61076524.0
2014-05-08,300378,28.0,28.48,27.51,27.58,12036.0,33685560.0
2014-05-09,300378,27.58,27.79,26.2,26.7,14786.0,39926864.0
2014-05-12,300378,27.02,27.46,26.4,27.35,11601.0,31323100.0
2014-05-13,300378,27.17,28.22,27.02,27.5,10485.0,29055740.0
2014-05-14,300378,28.0,29.18,27.81,28.72,21164.0,60372812.0
2014-05-15,300378,28.4,29.66,28.3,28.57,27164.0,78726928.0
2014-05-16,300378,28.18,29.35,28.05,28.87,22163.0,63613020.0
2014-05-19,300378,28.78,29.5,28.07,28.48,13356.0,38273640.0
2014-05-20,300378,29.0,31.33,29.0,29.97,36323.0,109789624.0
2014-05-21,300378,29.5,30.51,29.4,30.45,24412.0,73150024.0
2014-05-22,300378,30.4,30.97,29.55,29.7,22145.0,66958628.0
2014-05-23,300378,29.66,31.0,29.56,31.0,26258.0,80029248.0
2014-05-26,300378,30.96,31.33,30.51,30.82,20480.0,63032356.0
2014-05-27,300378,30.52,30.99,30.11,30.15,14877.0,45377868.0
2014-05-28,300378,30.2,31.44,30.12,31.17,27721.0,85985656.0
2014-05-29,300378,31.12,31.29,30.51,30.59,21018.0,64781020.0
2014-05-30,300378,30.59,31.24,30.52,30.85,18266.0,56470952.0
2014-06-03,300378,30.85,30.91,30.35,30.51,10770.0,32980484.0
2014-06-04,300378,30.4,31.39,30.18,30.64,17713.0,54478900.0
2014-06-05,300378,30.5,30.86,30.1,30.85,14228.0,43310484.0
2014-06-06,300378,30.85,31.29,30.71,30.95,16422.0,50972404.0
2014-06-09,300378,31.05,31.28,30.2,30.2,12103.0,37191992.0
2014-06-10,300378,30.42,31.67,30.2,31.4,24466.0,76120216.0
2014-06-11,300378,31.22,31.48,31.01,31.23,17561.0,54789904.0
2014-06-12,300378,31.62,32.61,31.41,32.19,33851.0,108893488.0
2014-06-13,300378,31.82,32.97,31.82,32.69,27527.0,89176880.0
2014-06-16,300378,32.75,33.9,32.47,33.67,27391.0,90966280.0
2014-06-17,300378,33.6,33.67,32.91,33.3,19462.0,64794056.0
2014-06-18,300378,33.1,33.65,32.08,32.43,21537.0,70898808.0
2014-06-19,300378,24.7,24.93,22.25,22.25,35825.0,83303448.0
2014-06-20,300378,22.22,22.76,22.15,22.65,17519.0,39452184.0
2014-06-23,300378,22.63,24.85,22.6,24.12,36147.0,86451816.0
2014-06-24,300378,24.24,25.16,24.11,24.64,40542.0,100249528.0
2014-06-25,300378,24.49,25.46,24.17,25.05,40627.0,101241768.0
2014-06-26,300378,25.5,27.49,25.4,27.29,74406.0,199335584.0
2014-06-27,300378,27.17,27.17,26.21,26.51,57275.0,152494704.0
2014-06-30,300378,26.65,27.1,26.29,26.5,36488.0,97413688.0
2014-07-01,300378,26.63,27.46,26.41,27.46,36497.0,97864824.0
2014-07-02,300378,28.0,28.0,26.12,26.79,44837.0,120957328.0
2014-07-03,300378,26.35,26.97,26.2,26.2,28056.0,74225360.0
2014-07-04,300378,26.6,27.25,26.41,26.8,31543.0,84659712.0
2014-07-07,300378,26.6,26.8,25.8,25.88,30066.0,78376232.0
2014-07-08,300378,25.88,26.58,25.54,26.43,21253.0,55355852.0
2014-07-09,300378,26.3,26.3,25.4,25.4,18247.0,47229908.0
2014-07-10,300378,25.5,26.78,25.32,25.82,28477.0,74710568.0
2014-07-11,300378,25.66,26.25,25.66,25.71,14459.0,37439360.0
2014-07-14,300378,25.7,26.17,25.7,26.02,10976.0,28487632.0
2014-07-15,300378,25.92,25.95,24.0,24.45,39749.0,97374304.0
2014-07-16,300378,24.38,24.5,23.8,24.38,13653.0,33046988.0
2014-07-17,300378,24.3,24.47,23.9,24.13,8648.0,20843324.0
2014-07-18,300378,24.0,24.25,23.83,23.91,9079.0,21802750.0
2014-07-21,300378,23.96,24.45,23.8,24.29,10744.0,26032826.0
2014-07-22,300378,24.29,24.55,24.05,24.52,11258.0,27442148.0
2014-07-23,300378,24.44,24.5,23.18,23.37,15851.0,37623720.0
2014-07-24,300378,23.38,23.8,22.72,23.31,14209.0,33120318.0
2014-07-25,300378,23.15,23.78,22.95,23.55,11566.0,27021860.0
2014-07-28,300378,23.56,24.35,23.4,24.17,16885.0,40440428.0
2014-07-29,300378,24.19,24.68,24.01,24.26,16105.0,39218796.0
2014-07-30,300378,24.27,24.47,23.95,24.45,14770.0,35828220.0
2014-07-31,300378,24.46,24.48,24.13,24.4,10450.0,25387704.0
2014-08-01,300378,24.4,24.4,23.7,23.73,13807.0,33188370.0
2014-08-04,300378,23.72,23.89,23.66,23.75,10996.0,26109176.0
2014-08-05,300378,23.75,24.3,23.65,24.16,14464.0,34877704.0
2014-08-06,300378,24.14,24.3,24.06,24.19,10499.0,25385498.0
2014-08-07,300378,24.19,24.91,24.09,24.6,23595.0,58028752.0
2014-08-08,300378,24.5,24.96,24.5,24.87,18918.0,46844540.0
2014-08-11,300378,24.91,25.2,24.61,25.09,18783.0,46860800.0
2014-08-12,300378,25.0,25.14,24.88,25.01,15177.0,37942004.0
2014-08-13,300378,24.88,25.14,24.48,24.7,15578.0,38525024.0
2014-08-14,300378,24.71,25.04,24.6,24.66,14173.0,35123208.0
2014-08-15,300378,24.63,25.42,24.45,25.32,26393.0,66288660.0
2014-08-18,300378,25.2,25.73,25.2,25.64,19195.0,48912184.0
2014-08-19,300378,25.68,26.23,25.52,25.86,23481.0,60736496.0
2014-08-20,300378,25.81,26.0,25.47,25.64,18181.0,46659848.0
2014-08-21,300378,25.6,25.74,25.23,25.66,17163.0,43660728.0
2014-08-22,300378,25.58,26.08,25.51,25.98,20293.0,52507544.0
2014-08-25,300378,25.99,26.0,25.51,25.57,14808.0,37986912.0
2014-08-26,300378,25.57,25.82,25.16,25.25,19142.0,48721700.0
2014-08-27,300378,25.1,25.72,25.1,25.69,16626.0,42335436.0
2014-08-28,300378,25.63,25.69,25.1,25.29,12337.0,31214372.0
2014-08-29,300378,25.15,25.47,25.07,25.45,11138.0,28173692.0
2014-09-01,300378,25.55,26.45,25.51,26.17,24858.0,64804960.0
2014-09-02,300378,26.4,28.79,26.26,28.16,95794.0,270608704.0
2014-09-03,300378,27.9,28.2,27.54,27.84,60437.0,168271664.0
2014-09-04,300378,27.79,28.28,27.6,27.94,32988.0,92334072.0
2014-09-05,300378,27.96,28.16,27.74,28.1,23404.0,65513676.0
2014-09-09,300378,28.3,28.3,27.59,27.7,25421.0,70744944.0
2014-09-10,300378,27.6,28.68,27.35,28.35,37050.0,104285032.0
2014-09-11,300378,28.3,28.69,27.6,27.84,31963.0,90101568.0
2014-09-12,300378,27.85,28.45,27.81,28.25,25330.0,71387240.0
2014-09-15,300378,28.25,28.95,28.25,28.6,23588.0,67385536.0
2014-09-16,300378,28.65,28.75,27.0,27.0,30853.0,85653464.0
2014-09-17,300378,27.12,27.24,26.45,26.9,18268.0,48967848.0
2014-09-18,300378,26.87,27.35,26.7,27.33,16119.0,43551232.0
2014-09-19,300378,27.16,27.55,27.08,27.4,16149.0,44099764.0
2014-09-22,300378,27.38,27.39,26.68,26.76,16073.0,43256876.0
2014-09-23,300378,26.79,27.65,26.68,27.56,18505.0,50337380.0
2014-09-24,300378,27.55,28.2,27.36,28.17,28810.0,80628976.0
2014-09-25,300378,28.4,28.6,27.91,27.99,27376.0,77555912.0
2014-09-26,300378,28.06,29.55,28.06,29.28,36382.0,104715000.0
2014-09-29,300378,29.48,30.33,29.38,29.46,43727.0,130436208.0
2014-09-30,300378,29.32,30.16,29.3,29.83,21325.0,63516488.0
2014-10-08,300378,30.0,32.81,29.62,32.78,68387.0,216791280.0
2014-10-09,300378,32.77,32.9,31.45,32.25,50210.0,160846240.0
2014-10-10,300378,31.85,32.89,31.6,32.27,34109.0,110278736.0
2014-10-13,300378,32.27,35.27,31.42,33.83,46198.0,152766688.0
2014-10-14,300378,33.96,37.21,33.93,37.21,92174.0,338650656.0
2014-10-15,300378,37.28,38.0,35.72,37.61,77225.0,284278432.0
2014-10-16,300378,36.9,37.88,35.93,36.16,48350.0,177386656.0
2014-10-17,300378,35.85,36.5,34.41,35.66,40529.0,144543616.0
2014-10-20,300378,35.56,37.83,35.5,36.79,24265.0,89488768.0
2014-10-21,300378,36.82,39.98,36.26,38.7,42444.0,165231152.0
2014-10-22,300378,38.5,39.62,37.51,38.11,26942.0,103775360.0
2014-10-23,300378,37.76,38.44,36.18,36.72,22784.0,84366696.0
2014-10-24,300378,36.51,37.29,35.0,35.35,23093.0,83523320.0
2014-10-27,300378,35.6,37.36,35.6,36.65,18849.0,68928568.0
2014-10-28,300378,36.78,39.45,36.65,38.22,27932.0,107387568.0
2014-10-29,300378,38.5,39.06,37.64,38.35,27098.0,103871888.0
2014-10-30,300378,38.02,39.29,37.95,39.22,25305.0,97917672.0
2014-10-31,300378,39.45,41.5,39.09,39.33,36318.0,145643264.0
2014-11-03,300378,39.1,39.17,38.4,38.5,22173.0,85724344.0
2014-11-04,300378,38.5,38.74,37.18,37.28,17625.0,66302632.0
2014-11-05,300378,37.0,37.87,36.81,37.33,12671.0,47514208.0
2014-11-06,300378,37.63,38.78,37.4,38.15,14837.0,56255336.0
2014-11-07,300378,38.25,38.41,36.25,36.29,24003.0,90269792.0
2014-11-10,300378,36.41,36.99,35.99,36.97,18702.0,68073976.0
2014-11-11,300378,37.09,37.29,34.41,34.56,16858.0,59766976.0
2014-11-12,300378,34.02,36.4,33.5,36.12,26912.0,94701960.0
2014-11-13,300378,35.42,36.88,35.42,35.63,23602.0,85542520.0
2014-11-14,300378,35.78,37.19,32.44,36.86,33441.0,118707944.0
2014-11-17,300378,36.0,38.86,35.51,38.55,30323.0,114780904.0
2014-11-18,300378,38.12,39.5,37.81,38.9,14043.0,54329428.0
2014-11-19,300378,38.6,41.61,38.0,38.21,38666.0,154752032.0
2014-11-20,300378,38.1,42.03,38.02,42.03,52738.0,214635392.0
2014-11-21,300378,43.71,46.23,43.21,46.23,32595.0,146148304.0
2014-11-24,300378,46.23,46.23,44.37,46.0,43399.0,196084816.0
2014-11-25,300378,46.2,49.77,44.89,47.2,49705.0,234802720.0
2014-11-26,300378,47.29,50.6,47.29,48.4,35627.0,174221056.0
2014-11-27,300378,49.0,51.0,48.3,50.49,21224.0,106040328.0
2014-11-28,300378,50.49,55.54,50.49,54.38,34030.0,182689168.0
2014-12-01,300378,53.96,56.99,52.02,55.28,25370.0,137491328.0
2014-12-02,300378,54.0,54.9,52.75,52.99,21498.0,114537296.0
2014-12-03,300378,52.89,53.35,47.9,52.87,31555.0,159537728.0
2014-12-04,300378,52.0,55.0,50.77,52.16,26245.0,138271728.0
2014-12-05,300378,51.15,54.3,48.8,49.02,24673.0,124254432.0
2014-12-08,300378,49.91,49.91,45.02,45.38,27788.0,129375736.0
2014-12-09,300378,45.0,45.34,41.0,41.36,30457.0,130553496.0
2014-12-10,300378,41.53,45.5,38.0,45.5,31926.0,137534432.0
2014-12-11,300378,44.91,48.5,43.0,44.73,38064.0,173498688.0
2014-12-12,300378,44.64,46.93,43.32,46.06,22546.0,102880584.0
2014-12-15,300378,45.99,48.49,45.0,48.26,21765.0,102753256.0
2014-12-16,300378,48.3,50.46,46.51,49.78,35358.0,173340528.0
2014-12-17,300378,48.5,50.2,47.8,48.66,20406.0,99814768.0
2014-12-18,300378,48.68,48.68,46.68,46.68,11346.0,54056016.0
2014-12-19,300378,46.06,46.89,43.62,45.15,14980.0,67141736.0
2014-12-22,300378,44.11,44.99,40.64,40.64,17344.0,71417192.0
2014-12-23,300378,38.72,40.39,37.01,38.13,29495.0,113812024.0
2014-12-24,300378,38.55,41.32,38.55,40.08,19246.0,76913824.0
2014-12-25,300378,40.25,41.68,39.0,41.1,12959.0,52603748.0
2014-12-26,300378,41.1,41.52,39.11,39.44,14377.0,57516448.0
2014-12-29,300378,39.48,39.67,35.5,36.0,27417.0,100016440.0
2014-12-30,300378,36.0,36.29,33.67,34.88,20861.0,72501584.0
2014-12-31,300378,34.88,36.29,34.0,35.7,13874.0,48914304.0
2015-01-05,300378,35.72,35.72,34.0,34.58,17988.0,62338660.0
2015-01-06,300378,34.64,38.04,34.61,38.04,31719.0,115880632.0
2015-01-07,300378,37.61,39.45,36.82,38.2,31730.0,120514944.0
2015-01-08,300378,38.28,39.99,38.05,39.03,24855.0,97169616.0
2015-01-09,300378,38.8,40.75,36.5,38.27,22251.0,87385400.0
2015-01-12,300378,37.5,40.73,36.96,40.48,33898.0,133879920.0
2015-01-13,300378,40.6,44.53,39.68,44.53,47981.0,206273824.0
2015-01-14,300378,45.95,47.58,43.7,45.6,30002.0,136641680.0
2015-01-15,300378,45.39,46.8,44.0,45.21,19106.0,86951296.0
2015-01-16,300378,44.8,49.73,44.1,49.49,27600.0,133274528.0
2015-01-19,300378,47.77,51.8,46.81,47.8,35135.0,174224752.0
2015-01-20,300378,48.7,51.7,48.0,49.65,22407.0,112057592.0
2015-01-21,300378,53.0,53.5,49.5,50.09,29120.0,150620704.0
2015-01-22,300378,49.8,51.0,47.77,50.0,15479.0,76594536.0
2015-01-23,300378,49.7,49.89,47.77,48.6,24217.0,118095816.0
2015-01-26,300378,48.0,53.46,48.0,53.46,24273.0,126257608.0
2015-01-27,300378,53.5,58.81,53.0,58.81,34953.0,202580976.0
2015-01-28,300378,60.0,64.1,58.73,61.2,21255.0,129993144.0
2015-01-29,300378,62.56,63.99,59.35,61.78,23552.0,144351776.0
2015-01-30,300378,59.89,61.5,55.7,57.0,23653.0,137403648.0
2015-02-02,300378,56.38,58.95,55.53,55.9,15273.0,87797104.0
2015-02-03,300378,56.2,61.49,55.6,61.49,20597.0,122272656.0
2015-02-04,300378,62.5,63.56,57.97,58.85,27442.0,165465632.0
2015-02-05,300378,58.56,60.5,57.2,58.81,21770.0,129371096.0
2015-02-06,300378,59.0,59.6,53.66,54.13,19746.0,109285496.0
2015-02-09,300378,54.42,57.0,51.05,52.3,16648.0,89818944.0
2015-02-10,300378,52.3,55.9,52.2,55.6,14279.0,76953320.0
2015-02-11,300378,61.13,61.16,59.2,61.16,9569.0,58440100.0
2015-02-12,300378,67.28,67.28,67.28,67.28,1730.0,11643813.0
2015-02-13,300378,74.01,74.01,70.03,72.69,71104.0,517429152.0
2015-02-16,300378,73.9,79.96,72.05,79.96,50938.0,389420608.0
2015-02-17,300378,81.0,81.7,74.85,75.0,37337.0,286177248.0
2015-02-25,300378,75.3,76.8,68.51,69.23,33545.0,243113280.0
2015-02-26,300378,70.22,70.9,66.62,69.5,26653.0,183827856.0
2015-02-27,300378,69.49,73.26,68.02,71.99,23819.0,169790400.0
2015-03-02,300378,70.79,77.75,67.0,76.5,38098.0,272992224.0
2015-03-03,300378,75.0,75.13,71.2,72.68,21689.0,159756656.0
2015-03-04,300378,71.95,73.99,71.26,72.0,13071.0,94946208.0
2015-03-05,300378,72.17,79.0,71.02,76.0,25427.0,190869168.0
2015-03-06,300378,76.0,79.96,71.8,71.8,25704.0,196811344.0
2015-03-09,300378,68.1,76.46,67.55,74.42,15035.0,109866040.0
2015-03-10,300378,74.5,77.3,73.0,74.87,17026.0,127838936.0
2015-03-11,300378,74.14,79.72,71.54,78.27,21174.0,163718624.0
2015-03-12,300378,76.8,82.5,73.8,81.25,20900.0,167022048.0
2015-03-13,300378,81.3,89.38,79.21,89.38,15156.0,131360480.0
2015-03-16,300378,95.0,98.32,90.01,97.01,25856.0,241433952.0
2015-03-17,300378,96.1,96.9,91.0,92.01,20817.0,194476192.0
2015-03-18,300378,91.1,94.58,89.34,91.96,14008.0,128813832.0
2015-03-19,300378,90.99,91.89,87.5,89.8,18316.0,162960256.0
2015-03-20,300378,89.1,94.7,89.1,92.92,19895.0,184082560.0
2015-03-23,300378,93.93,97.02,90.22,94.6,21979.0,205568384.0
2015-03-24,300378,94.75,103.66,91.6,101.45,25730.0,252836096.0
2015-03-25,300378,98.87,106.45,96.0,97.44,23930.0,239107200.0
2015-03-26,300378,94.0,95.0,87.7,90.0,36169.0,323693728.0
2015-03-27,300378,89.09,92.5,86.0,90.21,16084.0,142488352.0
2015-03-30,300378,89.99,93.0,81.19,82.72,26354.0,221009504.0
2015-03-31,300378,85.25,85.8,82.3,84.55,25215.0,212057264.0
2015-04-01,300378,84.0,88.0,83.0,87.8,17239.0,147858976.0
2015-04-02,300378,88.0,91.07,85.5,87.0,26277.0,232134000.0
2015-04-03,300378,88.05,88.47,84.1,85.1,15697.0,134979856.0
2015-04-07,300378,85.25,93.61,85.18,93.61,24065.0,218217664.0
2015-04-08,300378,97.88,97.88,89.0,91.7,20801.0,193726032.0
2015-04-09,300378,91.66,91.7,82.6,87.51,15144.0,129961648.0
2015-04-10,300378,88.0,88.61,84.99,87.12,31828.0,275425568.0
2015-04-13,300378,85.55,87.95,85.26,85.74,16055.0,138949616.0
2015-04-14,300378,85.9,88.88,85.62,86.1,16320.0,142244496.0
2015-04-15,300378,83.3,83.83,77.49,77.49,21335.0,169784096.0
2015-04-16,300378,77.01,79.5,74.01,76.0,21471.0,166356256.0
2015-04-17,300378,76.1,78.6,75.0,75.62,22792.0,174536528.0
2015-04-20,300378,74.2,80.3,74.05,75.51,19413.0,148931424.0
2015-04-21,300378,76.0,82.0,76.0,80.51,18885.0,149973808.0
2015-04-22,300378,82.0,82.97,78.3,80.95,22136.0,178982288.0
2015-04-23,300378,81.6,89.05,79.5,89.05,37203.0,310864320.0
2015-04-24,300378,88.45,88.93,84.53,86.53,43653.0,379958176.0
2015-04-27,300378,86.88,94.3,86.68,92.03,26438.0,241162400.0
2015-04-28,300378,91.5,91.5,82.83,82.99,18176.0,154381472.0
2015-04-29,300378,80.8,85.66,80.0,84.25,11588.0,97537696.0
2015-04-30,300378,84.3,89.48,84.02,88.2,24801.0,216413776.0
2015-05-04,300378,87.1,88.27,81.0,83.0,15026.0,125234640.0
2015-05-05,300378,83.0,83.99,78.09,82.98,15272.0,124747144.0
2015-05-06,300378,82.96,91.28,82.0,87.98,24014.0,212688992.0
2015-05-07,300378,87.0,96.78,82.0,96.78,22316.0,205628464.0
2015-05-08,300378,106.3,106.46,101.62,106.46,9400.0,99869648.0
2015-05-11,300378,117.11,117.11,117.11,117.11,3120.0,36540896.0
2015-05-12,300378,128.82,128.82,114.0,121.99,30684.0,375769056.0
2015-05-13,300378,114.0,122.25,112.0,114.75,17693.0,207687296.0
2015-05-14,300378,114.0,116.99,103.28,103.28,21528.0,233310320.0
2015-05-15,300378,101.0,109.87,99.6,106.0,18842.0,200285264.0
2015-05-18,300378,108.24,116.6,108.0,116.6,6489.0,74433848.0
2015-05-19,300378,98.0,98.49,85.18,98.49,37594.0,348309504.0
2015-05-20,300378,101.88,108.34,98.5,100.99,33712.0,355296672.0
2015-05-21,300378,97.98,110.9,95.01,109.58,24961.0,260452112.0
2015-05-22,300378,113.5,120.54,112.1,120.54,32907.0,389629376.0
2015-05-25,300378,112.01,129.98,112.01,116.98,38879.0,465719520.0
2015-05-26,300378,115.81,125.0,115.81,120.11,19025.0,230248688.0
2015-05-27,300378,120.0,122.84,108.86,113.81,30184.0,347156448.0
2015-05-28,300378,112.11,114.74,102.66,103.1,23066.0,252536768.0
2015-05-29,300378,100.0,113.26,99.3,111.9,22806.0,247552896.0
2015-06-01,300378,112.25,121.44,110.15,117.25,19642.0,228226592.0
2015-06-02,300378,117.95,128.98,115.0,128.98,12798.0,159642032.0
2015-06-03,300378,128.98,138.5,116.8,123.0,26890.0,338685344.0
2015-06-04,300378,118.0,126.96,110.7,126.8,20584.0,240693232.0
2015-06-05,300378,126.99,135.0,121.01,123.81,18762.0,238158464.0
2015-06-08,300378,117.0,119.49,111.43,113.88,24974.0,285095360.0
2015-06-09,300378,109.51,115.6,107.5,115.31,22655.0,252666736.0
2015-06-10,300378,112.0,119.8,110.01,116.6,12019.0,138798832.0
2015-06-11,300378,114.89,115.6,106.1,111.9,14967.0,165901760.0
2015-06-12,300378,111.9,112.0,105.47,110.98,16903.0,183940848.0
2015-06-15,300378,109.81,110.3,100.02,103.0,14443.0,154426864.0
2015-06-16,300378,102.22,102.22,92.7,92.7,20290.0,191462416.0
2015-06-17,300378,93.5,97.65,87.05,97.45,17497.0,162938384.0
2015-06-18,300378,97.49,98.5,87.78,87.78,13402.0,125268328.0
2015-06-19,300378,87.0,93.6,80.0,84.43,14136.0,125110392.0
2015-06-23,300378,86.0,92.87,83.3,92.87,12745.0,112471144.0
2015-06-24,300378,94.99,97.55,89.11,93.91,16905.0,158048016.0
2015-06-25,300378,93.9,93.9,84.99,91.05,9693.0,87551344.0
2015-06-26,300378,87.0,89.31,81.95,81.95,12792.0,107175400.0
2015-06-29,300378,82.48,82.51,73.76,73.76,6306.0,47024700.0
2015-06-30,300378,66.4,81.14,66.38,81.14,27957.0,213981808.0
2015-07-01,300378,84.0,89.25,78.07,81.99,34491.0,291367360.0
2015-07-02,300378,82.0,83.99,73.79,73.79,26349.0,201492496.0
2015-07-03,300378,66.41,79.79,66.41,66.41,27313.0,193943392.0
2015-07-06,300378,73.05,73.05,59.77,59.77,36206.0,229055008.0
2015-07-07,300378,53.79,53.79,53.79,53.79,3261.0,17540920.0
2015-07-15,300378,59.17,59.17,59.17,59.17,3515.0,20799438.0
2015-07-16,300378,53.25,62.0,53.25,56.15,56287.0,315271328.0
2015-07-17,300378,56.98,61.77,56.25,61.77,34654.0,209057792.0
2015-07-20,300378,64.0,67.95,64.0,67.95,35037.0,235055872.0
2015-07-21,300378,68.16,72.2,65.6,71.05,38560.0,269114176.0
2015-07-22,300378,71.0,72.88,67.0,69.88,40941.0,283860704.0
2015-07-23,300378,68.5,73.3,67.89,71.86,31193.0,219386688.0
2015-07-24,300378,71.7,75.98,70.3,71.8,32654.0,239749168.0
2015-07-27,300378,69.0,74.5,64.62,64.62,30522.0,208340736.0
2015-07-28,300378,58.16,63.2,58.16,58.9,55126.0,324047456.0
2015-07-29,300378,60.79,60.97,53.01,60.97,40781.0,231026832.0
2015-07-30,300378,59.0,60.59,54.87,54.87,45562.0,262092304.0
2015-07-31,300378,51.87,52.3,49.38,49.38,41253.0,208453168.0
2015-08-03,300378,45.13,47.29,44.44,44.44,49907.0,222616832.0
2015-08-04,300378,44.06,48.88,42.81,48.88,86897.0,397290240.0
2015-08-05,300378,50.0,51.0,46.0,47.14,74000.0,361761248.0
2015-08-06,300378,43.6,48.46,43.6,47.47,52970.0,243933856.0
2015-08-07,300378,48.37,52.22,47.51,52.22,115959.0,597339392.0
2015-08-10,300378,53.0,57.44,52.22,56.62,93909.0,508747840.0
2015-08-11,300378,55.36,58.1,55.01,55.92,59985.0,339131008.0
2015-08-12,300378,54.0,55.65,52.27,52.49,33280.0,179545904.0
2015-08-13,300378,51.4,54.51,51.4,54.51,54082.0,288869344.0
2015-08-14,300378,55.8,57.5,54.6,54.9,50467.0,281626848.0
2015-08-17,300378,54.29,54.29,49.8,50.7,59185.0,303420576.0
2015-08-18,300378,51.0,52.5,45.63,45.63,65123.0,323517888.0
2015-08-19,300378,43.08,47.35,41.1,46.94,68914.0,302843328.0
2015-08-20,300378,45.2,47.2,43.51,44.09,61811.0,281808032.0
2015-08-21,300378,42.96,43.49,39.98,40.25,54306.0,225848352.0
2015-08-24,300378,38.0,38.04,36.23,36.23,31943.0,117072728.0
2015-08-25,300378,32.75,34.38,32.61,32.61,36271.0,120203600.0
2015-08-26,300378,32.62,34.47,30.0,32.1,64750.0,211440256.0
2015-08-27,300378,35.31,35.31,35.31,35.31,45863.0,161943664.0
2015-08-28,300378,38.84,38.84,38.84,38.84,2925.0,11362836.0
2015-08-31,300378,40.0,41.58,36.51,36.8,124919.0,495800032.0
2015-09-01,300378,34.1,35.12,33.12,33.12,64987.0,218070960.0
2015-09-02,300378,29.81,35.87,29.81,30.13,72859.0,230511008.0
2015-09-07,300378,31.21,33.14,31.18,32.9,75730.0,247479664.0
2015-09-08,300378,32.0,36.19,31.3,36.19,73815.0,245505328.0
2015-09-09,300378,37.0,39.81,36.99,39.81,111044.0,431422720.0
2015-09-10,300378,38.58,39.75,38.35,38.68,63115.0,245844112.0
2015-09-11,300378,38.75,40.79,38.75,40.3,69802.0,278037792.0
2015-09-14,300378,41.3,41.95,36.27,36.27,55670.0,213771792.0
2015-09-15,300378,33.8,35.38,32.64,32.64,56804.0,188934464.0
2015-09-16,300378,33.1,35.9,32.71,35.9,62010.0,212713360.0
2015-09-17,300378,36.94,39.49,36.15,37.4,91139.0,346750656.0
2015-09-18,300378,38.08,40.23,36.0,39.42,76726.0,291218816.0
2015-09-21,300378,38.49,43.1,38.0,42.79,84441.0,345824320.0
2015-09-22,300378,42.4,43.18,40.2,41.51,86909.0,364771872.0
2015-09-23,300378,40.54,43.69,40.48,42.43,92850.0,394672256.0
2015-09-24,300378,43.08,44.3,41.8,42.43,69069.0,297035136.0
2015-09-25,300378,41.79,41.95,38.4,38.87,70782.0,283556704.0
2015-09-28,300378,39.0,42.68,38.6,41.96,52351.0,212351248.0
2015-09-29,300378,41.0,42.0,39.02,40.0,45895.0,186587600.0
2015-09-30,300378,40.3,40.9,38.4,38.94,36682.0,144750752.0
2015-10-08,300378,41.0,42.83,40.58,42.83,72531.0,306477664.0
2015-10-09,300378,42.7,46.2,42.0,44.99,94052.0,414690720.0
2015-10-12,300378,45.58,49.0,44.5,47.41,75458.0,355623456.0
2015-10-13,300378,46.4,51.19,46.01,49.9,67931.0,331558496.0
2015-10-14,300378,49.11,49.88,47.5,47.94,57991.0,280209888.0
2015-10-15,300378,47.27,50.96,47.26,50.44,56124.0,277860032.0
2015-10-16,300378,50.8,51.68,48.44,50.94,67691.0,338208832.0
2015-10-19,300378,50.5,50.5,47.51,48.6,62189.0,305428384.0
2015-10-20,300378,48.6,52.88,48.6,51.49,82368.0,421620288.0
2015-10-21,300378,51.65,54.86,47.01,48.06,84726.0,439413216.0
2015-10-22,300378,48.2,52.87,48.2,52.87,98051.0,508829600.0
2015-10-23,300378,55.31,58.0,53.7,57.24,92983.0,518164064.0
2015-10-26,300378,58.0,58.05,53.15,55.45,74294.0,410578560.0
2015-10-27,300378,54.45,57.26,50.0,55.93,72318.0,386823296.0
2015-10-28,300378,54.53,55.71,50.51,51.3,58846.0,313542304.0
2015-10-29,300378,52.58,53.0,50.03,51.4,47703.0,247795696.0
2015-10-30,300378,50.35,53.17,49.55,51.73,45921.0,237259920.0
2015-11-02,300378,49.52,53.3,49.01,49.8,52611.0,269698464.0
2015-11-03,300378,50.5,50.99,48.3,48.83,39977.0,198227600.0
2015-11-04,300378,49.52,53.71,49.52,53.71,61158.0,318034912.0
2015-11-05,300378,53.32,54.78,51.61,52.7,64988.0,345524352.0
2015-11-06,300378,53.14,57.97,53.14,57.97,101764.0,576157120.0
2015-11-09,300378,57.47,62.48,55.6,60.06,93330.0,549990016.0
2015-11-10,300378,59.0,61.79,58.28,59.5,59014.0,353658112.0
2015-11-11,300378,59.29,61.16,58.3,61.05,64522.0,386232256.0
2015-11-12,300378,61.3,64.5,60.2,62.75,79674.0,497648448.0
2015-11-13,300378,61.0,61.17,57.41,57.52,60618.0,358767680.0
2015-11-16,300378,55.48,63.0,55.0,62.98,59400.0,354644032.0
2015-11-17,300378,63.02,63.88,58.9,59.32,65815.0,404358496.0
2015-11-18,300378,59.03,61.29,56.85,57.18,41331.0,243763424.0
2015-11-19,300378,57.82,61.58,57.82,61.2,49962.0,299226144.0
2015-11-20,300378,61.1,63.5,60.11,61.76,56109.0,346667680.0
2015-11-23,300378,61.55,61.76,58.03,58.96,41377.0,248659312.0
2015-11-24,300378,58.86,62.89,58.72,62.4,55711.0,337307488.0
2015-11-25,300378,61.9,67.99,61.7,66.44,75886.0,497778080.0
2015-11-26,300378,66.01,66.99,63.02,64.25,54515.0,352647008.0
2015-11-27,300378,63.51,65.29,57.83,58.95,56696.0,352806976.0
2015-11-30,300378,58.9,60.24,53.67,59.5,51175.0,298090304.0
2015-12-01,300378,59.68,59.68,55.6,57.98,33437.0,195353936.0
2015-12-02,300378,57.49,60.1,54.03,58.9,46803.0,267948192.0
2015-12-03,300378,58.7,62.88,56.25,62.15,44685.0,274647168.0
2015-12-04,300378,61.58,63.7,60.03,61.46,43871.0,271343136.0
2015-12-07,300378,62.0,65.2,61.46,64.3,54116.0,344898400.0
2015-12-08,300378,63.1,63.91,61.05,62.34,41823.0,260946992.0
2015-12-09,300378,62.15,68.57,61.2,65.1,71897.0,474852736.0
2015-12-10,300378,65.59,67.99,64.08,67.99,67921.0,447376416.0
2015-12-11,300378,66.78,67.4,63.0,63.0,53798.0,351659680.0
2015-12-14,300378,61.98,61.98,59.36,61.97,48872.0,296158560.0
2015-12-15,300378,62.4,64.5,62.3,64.3,33989.0,217145872.0
2015-12-16,300378,64.64,65.48,62.55,63.2,34935.0,222271728.0
2015-12-17,300378,64.0,65.5,64.0,65.49,50094.0,324772032.0
2015-12-18,300378,65.35,65.35,62.5,62.82,40404.0,257572896.0
2015-12-21,300378,62.78,62.78,60.62,61.72,30709.0,189123056.0
2015-12-22,300378,61.72,63.22,61.72,62.68,22015.0,137990336.0
2015-12-23,300378,62.29,62.29,59.5,59.87,40632.0,246897136.0
2015-12-24,300378,60.43,61.1,59.55,60.88,20173.0,121937576.0
2015-12-25,300378,60.9,61.99,59.53,60.2,17492.0,106551096.0
2015-12-28,300378,60.06,61.5,59.5,59.65,21332.0,128813864.0
2015-12-29,300378,59.4,60.12,57.88,60.12,20793.0,122286744.0
2015-12-30,300378,60.05,62.18,60.05,61.36,24782.0,152004256.0
2015-12-31,300378,60.72,61.7,58.1,58.22,24416.0,145635232.0
2016-01-04,300378,57.38,57.6,52.4,52.4,18777.0,102880000.0
2016-01-05,300378,48.4,51.25,47.16,48.2,29834.0,145442240.0
2016-01-06,300378,49.0,49.96,47.22,49.75,25636.0,125590520.0
2016-01-07,300378,48.4,48.4,44.78,44.78,6040.0,27717722.0
2016-01-08,300378,45.51,46.88,40.5,44.9,28762.0,127929760.0
2016-01-11,300378,43.0,43.88,40.41,40.41,18709.0,77883096.0
2016-01-12,300378,40.36,42.5,39.0,41.54,22357.0,91961456.0
2016-01-13,300378,41.55,42.58,37.45,37.7,20698.0,83148624.0
2016-01-14,300378,36.0,41.47,35.2,41.47,25937.0,102178744.0
2016-01-15,300378,41.41,42.11,39.01,40.0,25731.0,104952848.0
2016-01-18,300378,38.5,43.5,38.21,42.22,26537.0,110223360.0
2016-01-19,300378,41.7,45.3,41.3,45.07,30380.0,131362200.0
2016-01-20,300378,44.6,45.76,43.3,44.52,24694.0,110330120.0
2016-01-21,300378,42.13,45.48,41.56,41.56,24098.0,105654280.0
2016-01-22,300378,42.48,42.76,39.6,41.61,25314.0,103654008.0
2016-01-25,300378,42.48,43.45,41.4,42.05,20807.0,88446840.0
2016-01-26,300378,41.45,41.59,37.85,38.13,18242.0,72715192.0
2016-01-27,300378,38.85,39.0,35.8,38.85,17478.0,65636284.0
2016-01-28,300378,38.29,38.99,36.8,37.0,10424.0,39573436.0
2016-01-29,300378,36.96,40.4,36.28,40.19,18301.0,70848200.0
2016-02-01,300378,39.4,40.3,38.0,39.32,15160.0,59619196.0
2016-02-02,300378,39.1,42.5,39.1,41.39,19795.0,81744752.0
2016-02-03,300378,41.0,42.0,39.8,41.75,17127.0,69914456.0
2016-02-04,300378,42.2,43.65,41.88,42.6,16878.0,72074720.0
2016-02-05,300378,42.1,42.88,41.03,41.22,11661.0,48756180.0
2016-02-15,300378,39.4,40.65,38.23,39.99,17105.0,67975920.0
2016-02-16,300378,40.39,43.18,40.02,42.71,24263.0,102433928.0
2016-02-17,300378,42.71,46.98,42.45,46.61,53028.0,242016448.0
2016-02-18,300378,45.97,46.85,45.18,45.5,28647.0,131714528.0
2016-02-19,300378,45.5,46.96,45.01,45.75,22248.0,101990536.0
2016-02-22,300378,46.2,47.2,45.31,46.46,28253.0,131367024.0
2016-02-23,300378,46.64,47.44,44.0,45.3,22427.0,102920960.0
2016-02-24,300378,45.24,46.28,43.0,45.8,20726.0,93043272.0
2016-02-25,300378,45.6,45.6,41.22,41.64,32875.0,138647456.0
2016-02-26,300378,41.64,42.2,38.26,41.4,23985.0,96960680.0
2016-02-29,300378,39.5,41.18,37.26,39.95,20238.0,77159584.0
2016-03-01,300378,39.0,41.44,38.5,40.72,13243.0,53176428.0
2016-03-02,300378,40.75,42.95,39.88,42.76,23060.0,95496536.0
2016-03-03,300378,42.77,44.6,42.05,43.18,29403.0,126720544.0
2016-03-04,300378,43.0,43.0,39.01,41.1,24586.0,99539064.0
2016-03-07,300378,40.74,43.98,40.74,43.89,29106.0,124331056.0
2016-03-08,300378,43.2,46.2,40.5,45.38,32840.0,143830160.0
2016-03-09,300378,44.0,45.66,43.1,45.5,22206.0,98763400.0
2016-03-10,300378,44.8,45.66,44.01,44.97,14748.0,66197428.0
2016-03-11,300378,44.0,44.46,42.95,43.9,19177.0,83851920.0
2016-03-14,300378,44.3,46.9,44.3,45.67,38640.0,176653616.0
2016-03-15,300378,44.58,44.99,42.88,43.49,28589.0,124875208.0
2016-03-16,300378,44.5,44.5,39.15,41.56,46028.0,189068128.0
2016-03-17,300378,40.1,42.89,39.38,41.65,61846.0,255377616.0
2016-03-18,300378,41.0,43.7,41.0,42.95,54162.0,230015904.0
2016-03-21,300378,43.68,45.61,43.66,45.36,63780.0,284393280.0
2016-03-22,300378,44.51,45.38,44.01,44.57,38645.0,172700528.0
2016-03-23,300378,44.52,46.6,44.3,46.5,59326.0,271315072.0
2016-03-24,300378,45.75,47.4,44.79,45.38,54912.0,252107184.0
2016-03-25,300378,45.0,45.55,44.1,45.33,26069.0,116988640.0
2016-03-28,300378,45.91,46.78,42.3,42.8,43470.0,194328320.0
2016-03-29,300378,42.11,42.48,40.3,40.91,34487.0,141926624.0
2016-03-30,300378,41.5,42.87,41.21,42.63,30087.0,126112240.0
2016-03-31,300378,43.42,43.68,42.0,42.06,24602.0,105752568.0
2016-04-01,300378,41.8,41.96,40.6,41.5,25030.0,102823600.0
2016-04-05,300378,41.97,43.49,41.52,43.2,28326.0,120624664.0
2016-04-06,300378,43.2,44.96,42.68,44.59,43065.0,188762832.0
2016-04-07,300378,44.73,45.14,42.1,42.25,35221.0,153470688.0
2016-04-08,300378,41.9,41.9,40.83,41.5,23780.0,98104720.0
2016-04-11,300378,41.94,43.39,41.9,42.72,21719.0,93155488.0
2016-04-12,300378,42.75,44.0,42.48,43.1,24479.0,105558320.0
2016-04-13,300378,43.7,44.39,43.0,43.47,36918.0,161484688.0
2016-04-14,300378,43.85,44.17,43.02,43.88,27040.0,118079656.0
2016-04-15,300378,44.02,44.15,42.9,43.14,23284.0,100956200.0
2016-04-18,300378,42.41,42.41,41.6,41.87,24175.0,101157920.0
2016-04-19,300378,42.28,42.75,41.4,41.88,19179.0,80407376.0
2016-04-20,300378,42.02,42.27,37.78,38.5,34525.0,136694736.0
2016-04-21,300378,37.8,38.77,37.05,37.13,22847.0,86892392.0
2016-04-22,300378,37.0,38.19,36.56,37.64,14282.0,53483180.0
2016-04-25,300378,37.5,37.63,36.35,37.45,16098.0,59554856.0
2016-04-26,300378,37.3,37.88,37.08,37.87,14000.0,52626244.0
2016-04-27,300378,38.1,38.58,37.51,37.52,15834.0,60311540.0
2016-04-28,300378,37.48,37.89,36.49,37.68,14274.0,53039028.0
2016-04-29,300378,37.36,37.59,37.01,37.16,8873.0,33058028.0
2016-05-03,300378,37.33,38.92,37.03,38.88,22115.0,84596280.0
2016-05-04,300378,38.68,38.8,38.1,38.4,20687.0,79577328.0
2016-05-05,300378,38.2,39.18,38.15,38.88,14063.0,54408864.0
2016-05-06,300378,38.9,39.2,36.76,36.76,23933.0,90309136.0
2016-05-09,300378,36.58,36.58,34.0,35.24,20484.0,72143096.0
2016-05-10,300378,35.2,36.18,35.01,35.8,12955.0,46266800.0
2016-05-11,300378,36.15,36.16,35.12,35.22,7699.0,27443202.0
2016-05-12,300378,34.94,34.98,34.01,34.8,12398.0,42823516.0
2016-05-13,300378,34.8,35.23,32.75,33.09,20550.0,69753784.0
2016-05-16,300378,33.15,33.87,32.52,33.79,18514.0,61638232.0
2016-05-17,300378,33.9,34.88,33.14,34.43,21380.0,72823400.0
2016-05-18,300378,34.01,34.01,32.31,32.72,14686.0,48556940.0
2016-05-19,300378,33.01,35.69,33.01,33.76,25052.0,86075432.0
2016-05-20,300378,32.0,33.8,31.52,33.8,19317.0,63715480.0
2016-05-23,300378,34.4,34.52,33.82,34.32,18667.0,63909144.0
2016-05-24,300378,34.31,34.31,33.0,33.26,16568.0,55417736.0
2016-05-25,300378,33.65,34.3,33.0,33.26,18708.0,63047064.0
2016-05-26,300378,32.88,34.11,32.1,34.11,18091.0,59929840.0
2016-05-27,300378,33.99,34.0,33.44,33.68,13501.0,45547164.0
2016-05-30,300378,33.12,33.87,32.62,33.25,13534.0,45058192.0
2016-05-31,300378,33.47,36.2,33.4,36.02,40563.0,142610512.0
2016-06-01,300378,36.06,36.29,35.55,35.75,29045.0,104289976.0
2016-06-02,300378,35.79,36.15,35.53,36.15,24313.0,87215416.0
2016-06-03,300378,36.2,37.99,35.48,37.4,38676.0,141485296.0
2016-06-06,300378,37.18,37.19,36.1,36.49,23206.0,85094960.0
2016-06-07,300378,36.59,36.85,36.03,36.48,13744.0,49951076.0
2016-06-08,300378,36.45,37.15,36.05,36.7,21757.0,79699352.0
2016-06-13,300378,35.72,36.08,33.1,33.11,23234.0,81636496.0
2016-06-14,300378,32.82,33.49,32.41,33.24,17414.0,57425852.0
2016-06-15,300378,25.25,26.7,25.21,26.4,32399.0,84959696.0
2016-06-16,300378,26.01,27.44,26.01,26.7,33422.0,89044560.0
2016-06-17,300378,26.7,27.6,26.56,26.88,34174.0,92533584.0
2016-06-20,300378,26.9,27.51,25.8,27.49,32416.0,86983520.0
2016-06-21,300378,27.71,28.47,26.61,26.98,51002.0,140865840.0
2016-06-22,300378,26.58,28.26,26.55,28.26,47920.0,132149264.0
2016-06-23,300378,28.01,28.5,27.6,28.2,42544.0,119452872.0
2016-06-24,300378,28.1,28.41,26.06,27.51,40166.0,111088448.0
2016-06-27,300378,27.21,28.89,27.1,28.85,66104.0,186167840.0
2016-06-28,300378,28.7,29.39,28.55,29.05,67829.0,196314208.0
2016-06-29,300378,29.12,29.3,28.72,29.01,45821.0,132437704.0
2016-06-30,300378,29.01,29.12,28.61,28.72,41173.0,118613424.0
2016-07-01,300378,28.92,29.24,28.65,28.74,38864.0,112567384.0
2016-07-04,300378,28.53,29.5,28.38,29.21,35146.0,102287424.0
2016-07-05,300378,29.38,29.39,28.69,29.0,35499.0,102932128.0
2016-07-06,300378,28.8,29.07,28.65,28.7,25572.0,73760488.0
2016-07-07,300378,28.7,28.97,28.17,28.69,32861.0,93892944.0
2016-07-08,300378,28.58,29.2,28.26,28.78,32603.0,93832712.0
2016-07-11,300378,28.78,29.15,28.11,28.21,41177.0,118268328.0
2016-07-12,300378,28.42,28.96,27.38,28.84,43407.0,122436928.0
2016-07-13,300378,28.84,29.59,28.61,29.17,50838.0,147878608.0
2016-07-14,300378,29.0,29.68,28.88,29.45,35343.0,103459936.0
2016-07-15,300378,29.6,29.65,28.7,28.85,33107.0,96090784.0
2016-07-18,300378,28.77,28.78,28.18,28.2,28495.0,80916504.0
2016-07-19,300378,28.3,28.73,28.02,28.64,21090.0,59863916.0
2016-07-20,300378,28.35,29.12,28.34,28.8,32810.0,94342984.0
2016-07-21,300378,28.67,29.17,28.52,28.75,26094.0,75396192.0
2016-07-22,300378,28.9,31.63,28.77,30.83,115930.0,355970784.0
2016-07-25,300378,30.5,30.92,29.82,30.28,78871.0,239471520.0
2016-07-26,300378,30.01,30.58,29.8,30.34,55355.0,166860368.0
2016-07-27,300378,30.24,31.57,28.88,29.56,105335.0,319877952.0
2016-07-28,300378,29.58,31.3,29.5,30.77,95805.0,290817600.0
2016-07-29,300378,30.38,32.4,30.38,31.92,113177.0,355908576.0
2016-08-01,300378,31.5,31.92,29.5,30.48,90399.0,279646848.0
2016-08-02,300378,30.35,32.87,29.58,32.62,90583.0,282351904.0
2016-08-03,300378,32.0,32.57,31.68,32.26,81138.0,260476848.0
2016-08-04,300378,32.06,34.33,31.95,33.0,107666.0,360367680.0
2016-08-05,300378,32.7,34.5,32.3,33.99,104571.0,352035680.0
2016-08-08,300378,33.52,34.88,33.11,33.97,69310.0,235404432.0
2016-08-09,300378,34.06,34.09,32.81,33.43,58203.0,194202544.0
2016-08-10,300378,33.4,33.88,32.68,33.38,56631.0,188082256.0
2016-08-11,300378,33.18,33.34,31.3,31.57,55297.0,177962368.0
2016-08-12,300378,31.66,31.77,30.74,31.2,63789.0,198784768.0
2016-08-15,300378,31.22,34.18,30.7,33.15,100347.0,326741728.0
2016-08-16,300378,32.9,33.37,32.59,32.66,49245.0,162308288.0
2016-08-17,300378,32.41,32.77,31.48,31.82,65107.0,208032160.0
2016-08-18,300378,31.85,32.36,31.6,31.88,44148.0,141224192.0
2016-08-19,300378,31.6,31.87,31.02,31.1,44890.0,140562288.0
2016-08-22,300378,31.01,31.59,30.48,30.5,33049.0,102808968.0
2016-08-23,300378,30.15,30.67,30.1,30.4,31118.0,94466568.0
2016-08-24,300378,30.4,31.14,30.37,30.54,28904.0,88790056.0
2016-08-25,300378,30.23,30.4,29.1,29.69,42362.0,125950696.0
2016-08-26,300378,29.89,30.38,29.62,29.86,36975.0,110948592.0
2016-08-29,300378,29.88,30.27,29.72,30.18,18376.0,55271480.0
2016-08-30,300378,30.04,30.34,30.04,30.21,16545.0,49955216.0
2016-08-31,300378,30.21,30.28,29.53,29.91,22059.0,65839684.0
2016-09-01,300378,29.93,30.74,29.8,30.16,37562.0,114081008.0
2016-09-02,300378,30.01,30.37,29.11,29.55,26025.0,77700480.0
2016-09-05,300378,29.55,29.88,28.39,28.39,36039.0,104815552.0
2016-09-06,300378,28.3,28.99,27.88,28.99,52954.0,150426976.0
2016-09-07,300378,28.78,29.15,28.34,28.42,44798.0,128841792.0
2016-09-08,300378,28.39,28.89,28.35,28.68,22469.0,64370084.0
2016-09-09,300378,28.8,29.08,28.7,28.72,23704.0,68483464.0
2016-09-12,300378,28.0,28.25,26.91,26.97,34100.0,94331760.0
2016-09-13,300378,27.27,27.36,26.83,27.31,22145.0,60090908.0
2016-09-14,300378,27.1,27.36,26.88,26.98,19674.0,53216280.0
2016-09-19,300378,27.2,27.38,27.05,27.25,16133.0,43892852.0
2016-09-20,300378,27.28,27.3,27.1,27.17,11304.0,30731688.0
2016-09-21,300378,27.26,27.7,27.12,27.53,20831.0,57327684.0
2016-09-22,300378,27.7,27.93,27.5,27.62,16817.0,46583076.0
2016-09-23,300378,27.8,27.96,27.5,27.88,17115.0,47459620.0
2016-09-26,300378,27.88,27.88,26.5,26.58,29919.0,81303352.0
2016-09-27,300378,26.58,27.23,26.53,27.23,19160.0,51464944.0
2016-09-28,300378,27.25,27.28,26.96,27.02,13493.0,36552996.0
2016-09-29,300378,27.0,27.38,26.99,27.17,10875.0,29593048.0
2016-09-30,300378,27.05,27.43,27.05,27.3,8316.0,22687112.0
2016-10-10,300378,27.6,28.72,27.55,28.5,36100.0,101938376.0
2016-10-11,300378,28.4,28.65,28.14,28.35,20870.0,59076748.0
2016-10-12,300378,28.16,28.45,28.14,28.4,17185.0,48642296.0
2016-10-13,300378,28.39,28.43,28.14,28.33,25519.0,72106800.0
2016-10-14,300378,28.07,29.28,27.33,29.12,79989.0,226128912.0
2016-10-17,300378,28.86,28.98,28.0,28.3,35091.0,100071288.0
2016-10-18,300378,28.26,28.96,28.1,28.64,27733.0,79067864.0
2016-10-19,300378,28.79,28.79,28.06,28.17,28816.0,81522600.0
2016-10-20,300378,28.16,28.28,27.93,28.21,27037.0,76091008.0
2016-10-21,300378,28.21,28.33,27.4,27.52,34708.0,96449048.0
2016-10-24,300378,27.52,27.93,27.46,27.76,22428.0,62172216.0
2016-10-25,300378,27.89,28.06,27.71,27.84,22990.0,63996972.0
2016-10-26,300378,27.84,27.84,27.42,27.54,23071.0,63560044.0
2016-10-27,300378,27.54,27.93,27.34,27.89,20610.0,57094264.0
2016-10-28,300378,27.8,27.98,27.39,27.4,19989.0,55329508.0
2016-10-31,300378,27.3,27.39,26.89,27.38,30286.0,81970280.0
2016-11-01,300378,27.14,27.6,27.14,27.49,24459.0,66877400.0
2016-11-02,300378,27.49,27.49,26.85,26.88,26358.0,71442472.0
2016-11-03,300378,26.8,27.43,26.66,27.15,36820.0,99825344.0
2016-11-04,300378,27.11,27.28,26.8,26.93,23115.0,62594048.0
2016-11-07,300378,27.05,27.17,26.88,27.05,19068.0,51573780.0
2016-11-08,300378,27.2,27.48,27.15,27.41,23793.0,65112056.0
2016-11-09,300378,27.49,27.49,26.66,27.02,22772.0,61622032.0
2016-11-10,300378,27.3,27.45,27.06,27.34,25732.0,70214016.0
2016-11-11,300378,27.39,27.78,27.0,27.75,41656.0,113975616.0
2016-11-14,300378,27.75,28.2,27.62,27.81,39872.0,111281144.0
2016-11-15,300378,27.93,28.38,27.55,28.37,41398.0,115916360.0
2016-11-16,300378,28.37,28.6,28.01,28.03,45291.0,128269936.0
2016-11-17,300378,27.87,28.05,27.32,27.7,35598.0,98379800.0
2016-11-18,300378,27.71,27.98,27.56,27.65,22582.0,62581352.0
2016-11-21,300378,27.71,27.75,27.54,27.66,23544.0,65088940.0
2016-11-22,300378,27.66,28.12,27.6,28.11,44882.0,124919336.0
2016-11-23,300378,28.15,28.39,27.51,27.69,58353.0,162851664.0
2016-11-24,300378,27.68,27.74,26.93,27.09,38219.0,104552456.0
2016-11-25,300378,27.09,27.49,26.5,27.43,36727.0,99279608.0
2016-11-28,300378,27.64,27.69,27.22,27.43,25452.0,69864080.0
2016-11-29,300378,27.45,27.5,27.07,27.08,21237.0,57852776.0
2016-11-30,300378,27.0,27.53,26.85,27.08,32420.0,88178672.0
2016-12-01,300378,27.08,27.27,26.96,27.16,24003.0,65147064.0
2016-12-02,300378,27.24,27.26,26.26,26.27,29924.0,79922576.0
2016-12-05,300378,25.87,26.5,25.73,26.0,17649.0,46024136.0
2016-12-06,300378,26.1,26.26,25.87,25.96,15941.0,41463976.0
2016-12-07,300378,26.03,26.55,25.96,26.47,19860.0,52154972.0
2016-12-08,300378,26.46,26.55,26.13,26.17,15523.0,40939792.0
2016-12-09,300378,26.17,26.44,26.02,26.15,15656.0,41040844.0
2016-12-12,300378,26.02,26.33,23.81,23.9,33975.0,85154008.0
2016-12-13,300378,23.9,24.23,23.47,23.87,18446.0,44047112.0
2016-12-14,300378,23.9,24.02,23.35,23.44,15643.0,37125600.0
2016-12-15,300378,23.29,23.98,23.22,23.69,14373.0,34092560.0
2016-12-16,300378,23.89,24.34,23.73,24.0,15837.0,38008448.0
2016-12-19,300378,24.0,24.0,23.54,23.7,11860.0,28172850.0
2016-12-20,300378,23.77,23.93,23.59,23.87,9412.0,22384952.0
2016-12-21,300378,23.98,24.24,23.87,24.0,9974.0,23961440.0
2016-12-22,300378,24.0,24.09,23.78,23.99,8935.0,21354910.0
2016-12-23,300378,23.94,24.13,23.65,23.65,10294.0,24591898.0
2016-12-26,300378,23.61,24.08,23.24,24.03,17455.0,41195056.0
2016-12-27,300378,24.01,24.33,24.0,24.04,11662.0,28123764.0
2016-12-28,300378,24.0,24.09,23.68,23.81,10951.0,26116042.0
2016-12-29,300378,23.75,24.11,23.73,23.85,8950.0,21450844.0
2016-12-30,300378,23.8,23.95,23.63,23.7,7570.0,17999722.0
2017-01-03,300378,23.72,24.1,23.72,24.03,13462.0,32325574.0
2017-01-04,300378,24.0,24.5,23.92,24.4,16205.0,39339980.0
2017-01-05,300378,24.48,24.5,24.14,24.25,12202.0,29601424.0
2017-01-06,300378,24.28,24.28,23.5,23.54,17524.0,41703968.0
2017-01-09,300378,23.53,23.84,23.31,23.74,12938.0,30557120.0
2017-01-10,300378,23.65,24.05,23.61,23.67,11537.0,27501798.0
2017-01-11,300378,23.49,23.78,23.4,23.66,10103.0,23839608.0
2017-01-12,300378,23.66,23.95,23.4,23.5,11561.0,27441752.0
2017-01-13,300378,23.41,23.55,22.2,22.33,23229.0,53209360.0
2017-01-16,300378,22.35,22.35,20.1,20.62,30010.0,63104756.0
2017-01-17,300378,20.6,21.38,20.16,21.16,23884.0,49601148.0
2017-01-18,300378,21.06,21.06,20.71,20.82,16132.0,33667188.0
2017-01-19,300378,20.65,21.07,20.51,20.87,14780.0,30777372.0
2017-01-20,300378,20.84,22.96,20.84,22.96,39092.0,89045128.0
2017-01-23,300378,23.5,23.5,22.0,22.38,168580.0,379929824.0
2017-01-24,300378,22.08,22.18,21.25,21.48,96099.0,208127040.0
2017-01-25,300378,21.33,21.83,21.07,21.45,59495.0,127879744.0
2017-01-26,300378,21.42,21.84,21.4,21.44,46365.0,99907976.0
2017-02-03,300378,21.26,21.42,20.87,21.22,35787.0,75599696.0
2017-02-06,300378,21.12,21.74,21.11,21.55,67425.0,144280928.0
2017-02-07,300378,21.41,21.47,21.0,21.2,52114.0,110637864.0
2017-02-08,300378,21.2,21.57,20.98,21.54,61979.0,132598552.0
2017-02-09,300378,21.61,21.84,21.51,21.75,69872.0,151414464.0
2017-02-10,300378,21.66,21.77,21.46,21.56,48007.0,103634216.0
2017-02-13,300378,21.58,22.08,21.46,21.84,61915.0,135112576.0
2017-02-14,300378,21.79,21.93,21.57,21.62,37979.0,82452928.0
2017-02-15,300378,21.68,21.86,21.17,21.22,46614.0,100490392.0
2017-02-16,300378,20.96,21.28,20.96,21.17,36733.0,77536856.0
2017-02-17,300378,21.08,21.36,20.91,20.96,33189.0,70093144.0
2017-02-20,300378,20.87,21.66,20.83,21.51,43219.0,91677456.0
2017-02-21,300378,21.5,22.12,21.41,21.82,62646.0,136786784.0
2017-02-22,300378,21.81,21.88,21.52,21.83,38648.0,83895008.0
2017-02-23,300378,21.74,22.75,21.41,22.17,66395.0,145862096.0
2017-02-24,300378,22.1,22.38,21.94,22.34,58735.0,130518624.0
2017-02-27,300378,22.3,22.49,21.81,21.87,45217.0,100005840.0
2017-02-28,300378,21.83,22.4,21.83,22.18,40540.0,89502312.0
2017-03-01,300378,22.09,22.31,21.94,21.98,37117.0,82190744.0
2017-03-02,300378,22.1,22.23,21.77,21.77,33760.0,74276048.0
2017-03-03,300378,21.62,22.07,21.41,21.97,33913.0,73755736.0
2017-03-06,300378,21.96,22.5,21.96,22.4,50743.0,113459656.0
2017-03-07,300378,22.5,22.78,22.22,22.72,55635.0,125126352.0
2017-03-08,300378,22.68,22.68,22.23,22.36,43883.0,98494784.0
2017-03-09,300378,22.31,22.78,22.18,22.74,59598.0,134393648.0
2017-03-10,300378,22.7,22.92,22.36,22.4,42209.0,95280536.0
2017-03-13,300378,22.41,22.6,22.08,22.58,35205.0,78787176.0
2017-03-14,300378,22.59,22.89,22.38,22.68,46056.0,104147688.0
2017-03-15,300378,22.62,22.82,22.3,22.55,37132.0,83697520.0
2017-03-16,300378,22.6,22.89,22.59,22.81,41331.0,93917432.0
2017-03-17,300378,22.94,23.27,22.3,22.33,75781.0,172395184.0
2017-03-20,300378,22.11,22.22,21.81,22.15,46986.0,103458960.0
2017-03-21,300378,22.13,22.25,21.9,22.04,27068.0,59714996.0
2017-03-22,300378,21.73,21.93,21.55,21.59,41536.0,90102208.0
2017-03-23,300378,21.69,21.82,21.07,21.46,44667.0,95740216.0
2017-03-24,300378,21.44,21.7,21.19,21.7,33720.0,72204136.0
2017-03-27,300378,21.62,21.67,21.36,21.39,24484.0,52640860.0
2017-03-28,300378,21.44,21.73,21.41,21.54,24859.0,53620536.0
2017-03-29,300378,21.23,21.3,20.7,20.75,49518.0,103733040.0
2017-03-30,300378,20.58,20.61,19.81,19.82,55091.0,111005128.0
2017-03-31,300378,19.82,20.01,19.73,19.99,26415.0,52534100.0
2017-04-05,300378,19.99,20.49,19.81,20.4,25824.0,52256096.0
2017-04-06,300378,20.28,20.63,20.21,20.41,20721.0,42305368.0
2017-04-07,300378,20.37,20.4,20.2,20.29,16428.0,33337660.0
2017-04-10,300378,20.3,20.34,19.61,19.72,31830.0,63207428.0
2017-04-11,300378,19.75,20.16,19.62,20.15,22876.0,45473124.0
2017-04-12,300378,20.15,20.24,19.78,19.79,18696.0,37272508.0
2017-04-13,300378,19.7,20.12,19.68,20.07,18546.0,36972252.0
2017-04-14,300378,20.0,20.61,19.78,20.21,29870.0,60301088.0
2017-04-17,300378,20.0,20.39,19.7,19.81,27320.0,54755456.0
2017-04-18,300378,19.94,20.18,19.12,19.16,28834.0,56863124.0
2017-04-19,300378,19.16,19.16,18.41,18.71,37738.0,70290584.0
2017-04-20,300378,18.65,19.1,18.01,18.69,45744.0,84503728.0
2017-04-21,300378,18.63,18.63,18.13,18.14,25594.0,46928692.0
2017-04-24,300378,18.09,18.2,17.21,17.39,30337.0,53124644.0
2017-04-25,300378,17.35,17.98,17.35,17.48,22101.0,38998428.0
2017-04-26,300378,17.46,17.62,17.22,17.44,19566.0,34088036.0
2017-04-27,300378,17.44,18.18,17.01,18.0,41457.0,73257080.0
2017-04-28,300378,17.85,18.09,17.81,17.92,16192.0,29014294.0
2017-05-02,300378,17.92,17.97,17.5,17.57,26426.0,46763556.0
2017-05-03,300378,17.55,17.81,17.38,17.72,23401.0,41144076.0
2017-05-04,300378,17.68,17.94,17.36,17.58,20755.0,36713224.0
2017-05-05,300378,17.6,17.79,17.36,17.36,20270.0,35717000.0
2017-05-08,300378,17.28,18.08,17.16,17.38,30982.0,54735284.0
2017-05-09,300378,17.38,18.02,17.12,17.96,29503.0,52087456.0
2017-05-10,300378,17.86,18.22,17.18,17.22,32317.0,57424248.0
2017-05-11,300378,17.06,17.44,16.31,17.08,33360.0,56598444.0
2017-05-12,300378,16.9,17.14,16.76,16.96,17820.0,30127240.0
2017-05-15,300378,17.13,17.34,16.87,16.94,16658.0,28497132.0
2017-05-16,300378,16.95,17.8,16.66,17.73,35998.0,62303224.0
2017-05-17,300378,17.62,18.0,17.5,17.56,29702.0,52565188.0
2017-05-18,300378,17.42,17.6,17.28,17.31,25820.0,44937004.0
2017-05-19,300378,17.25,17.59,16.9,17.3,23139.0,40127452.0
2017-05-22,300378,17.2,17.52,16.5,16.58,25628.0,43692868.0
2017-05-23,300378,16.58,16.77,15.65,15.75,33491.0,54224448.0
2017-05-24,300378,15.5,16.45,15.47,16.36,40912.0,65683464.0
2017-05-25,300378,16.41,16.66,16.0,16.45,35338.0,57882668.0
2017-05-26,300378,16.41,16.88,16.25,16.47,27716.0,45760624.0
2017-05-31,300378,17.5,17.5,16.43,16.43,35869.0,60409396.0
2017-06-01,300378,16.2,16.38,15.4,15.44,28057.0,44613516.0
2017-06-02,300378,15.42,16.02,15.26,15.93,35574.0,55725444.0
2017-06-05,300378,15.95,16.13,15.86,15.97,23413.0,37500848.0
2017-06-06,300378,15.88,16.36,15.76,16.19,35048.0,56601164.0
2017-06-07,300378,16.1,16.88,16.06,16.7,60444.0,99516120.0
2017-06-08,300378,16.65,17.26,16.5,16.7,51983.0,87023744.0
2017-06-09,300378,16.6,16.8,16.38,16.72,30825.0,51106208.0
2017-06-12,300378,16.58,16.65,16.29,16.53,27915.0,45895324.0
2017-06-13,300378,16.55,18.18,16.32,17.15,93620.0,164474528.0
2017-06-14,300378,17.0,17.15,16.8,16.92,56143.0,95288192.0
2017-06-15,300378,16.95,17.45,16.9,17.18,61477.0,105932928.0
2017-06-16,300378,17.17,17.29,16.84,16.95,30172.0,51391508.0
2017-06-19,300378,16.5,16.57,16.31,16.55,51400.0,84581920.0
2017-06-20,300378,16.57,16.96,16.48,16.48,47687.0,79673256.0
2017-06-21,300378,16.53,16.56,16.2,16.37,33550.0,54820192.0
2017-06-22,300378,16.35,16.45,15.8,15.82,33549.0,54377716.0
2017-06-23,300378,15.89,15.94,15.49,15.78,33729.0,53039784.0
2017-06-26,300378,15.8,15.95,15.68,15.91,26031.0,41277460.0
2017-06-27,300378,15.88,16.19,15.77,15.83,28728.0,45766472.0
2017-06-28,300378,15.73,15.81,15.56,15.73,18241.0,28613908.0
2017-06-29,300378,15.77,15.97,15.69,15.9,22239.0,35303116.0
2017-06-30,300378,15.81,15.88,15.66,15.81,19699.0,31066974.0
2017-07-03,300378,15.8,16.07,15.77,15.97,18870.0,30050270.0
2017-07-04,300378,15.98,16.02,15.83,15.93,16769.0,26698194.0
2017-07-05,300378,15.92,16.14,15.91,16.12,28141.0,45179240.0
2017-07-06,300378,16.12,16.13,15.76,15.9,33883.0,53975640.0
2017-07-07,300378,15.89,16.11,15.84,16.04,33279.0,53237512.0
2017-07-10,300378,16.3,16.47,15.98,15.98,35961.0,58089432.0
2017-07-11,300378,15.84,16.06,15.72,15.74,23379.0,37118556.0
2017-07-12,300378,15.75,15.81,15.38,15.72,22116.0,34483440.0
2017-07-13,300378,15.62,16.04,15.62,15.98,32634.0,51874124.0
2017-07-14,300378,15.92,15.95,15.65,15.76,21364.0,33769480.0
2017-07-17,300378,15.61,15.67,14.18,14.18,50830.0,74831528.0
2017-07-18,300378,14.15,14.77,13.91,14.3,33931.0,48320964.0
2017-07-19,300378,14.32,14.45,14.02,14.38,23908.0,34151996.0
2017-07-20,300378,14.37,14.64,14.26,14.33,26557.0,38516624.0
2017-07-21,300378,14.32,15.09,14.28,14.63,44921.0,66003316.0
2017-07-24,300378,14.61,14.7,14.36,14.65,29106.0,42267244.0
2017-07-25,300378,14.59,14.78,14.5,14.68,19504.0,28525064.0
2017-07-26,300378,14.62,14.94,14.56,14.85,29006.0,42869888.0
2017-07-27,300378,14.94,15.88,14.77,15.68,83471.0,128901400.0
2017-07-28,300378,15.6,15.68,15.44,15.48,43740.0,68013272.0
2017-07-31,300378,15.36,15.85,15.33,15.69,34643.0,54238040.0
2017-08-01,300378,15.59,16.0,15.5,15.73,30642.0,48195416.0
2017-08-02,300378,15.61,15.95,15.39,15.86,44103.0,69372416.0
2017-08-03,300378,15.8,16.7,15.65,16.29,76086.0,124234488.0
2017-08-04,300378,16.28,16.38,15.79,15.8,44555.0,71788856.0
2017-08-07,300378,15.94,16.19,15.75,15.77,30441.0,48449416.0
2017-08-08,300378,15.75,16.44,15.65,16.39,61144.0,98930656.0
2017-08-09,300378,16.31,16.48,16.2,16.27,47089.0,76802704.0
2017-08-10,300378,16.27,16.37,15.7,15.87,41534.0,66575984.0
2017-08-11,300378,15.65,16.16,15.56,15.56,39163.0,61998220.0
2017-08-14,300378,15.6,17.03,15.58,16.76,110621.0,182868656.0
2017-08-15,300378,16.8,17.08,16.67,17.04,84114.0,141815264.0
2017-08-16,300378,16.95,17.4,16.81,17.07,94177.0,161702896.0
2017-08-17,300378,16.97,17.77,16.88,17.35,93577.0,162640032.0
2017-08-18,300378,17.1,17.25,16.82,16.94,62808.0,106879200.0
2017-08-21,300378,16.9,17.13,16.85,17.02,34324.0,58257844.0
2017-08-22,300378,17.02,17.06,16.73,16.85,33621.0,56650368.0
2017-08-23,300378,16.85,17.34,16.75,17.21,44456.0,75737752.0
2017-08-24,300378,17.12,17.2,16.78,16.8,35185.0,59583564.0
2017-08-25,300378,16.82,17.35,16.8,17.23,50392.0,86324272.0
2017-08-28,300378,17.2,18.05,17.15,17.8,72755.0,128716120.0
2017-08-29,300378,17.81,17.87,17.46,17.61,42881.0,75612880.0
2017-08-30,300378,17.61,17.9,17.4,17.44,42900.0,75505720.0
2017-08-31,300378,17.5,17.65,17.21,17.54,36665.0,63752100.0
2017-09-01,300378,17.52,17.98,17.51,17.92,59338.0,105245736.0
2017-09-04,300378,17.86,18.26,17.77,18.14,68962.0,124781120.0
2017-09-05,300378,18.14,18.22,17.8,17.83,47414.0,84972632.0
2017-09-06,300378,17.78,18.1,17.64,18.08,39816.0,71354784.0
2017-09-07,300378,18.12,18.19,17.41,17.48,62854.0,111666872.0
2017-09-08,300378,17.42,17.68,17.37,17.57,34586.0,60615516.0
2017-09-11,300378,17.55,17.7,17.21,17.36,51166.0,88861760.0
2017-09-12,300378,17.29,17.47,17.03,17.29,44187.0,76301808.0
2017-09-13,300378,17.26,17.58,17.14,17.52,33654.0,58411916.0
2017-09-14,300378,17.56,17.56,17.06,17.16,28495.0,49219596.0
2017-09-15,300378,17.16,17.28,17.02,17.08,21409.0,36673948.0
2017-09-18,300378,17.07,17.33,16.98,17.31,19331.0,33224354.0
2017-09-19,300378,17.27,17.4,16.84,16.9,28390.0,48637776.0
2017-09-20,300378,16.82,17.17,16.82,17.1,24545.0,41861384.0
2017-09-21,300378,17.08,17.33,16.92,16.95,22985.0,39422108.0
2017-09-22,300378,16.9,16.9,16.62,16.8,22001.0,36931012.0
2017-09-25,300378,16.86,16.96,16.46,16.57,18584.0,31207334.0
2017-09-26,300378,16.67,16.83,16.54,16.81,17546.0,29230316.0
2017-09-27,300378,16.8,16.95,16.73,16.9,20808.0,35074540.0
2017-09-28,300378,16.9,17.13,16.78,16.79,23610.0,40025484.0
2017-09-29,300378,16.81,17.05,16.81,17.03,20333.0,34457936.0
2017-10-09,300378,17.24,17.46,17.12,17.39,40398.0,70069632.0
2017-10-10,300378,17.38,17.74,17.33,17.68,49039.0,86010504.0
2017-10-11,300378,17.58,17.73,17.28,17.36,38945.0,68155000.0
2017-10-12,300378,17.15,17.46,17.03,17.21,34158.0,58906484.0
2017-10-13,300378,17.27,17.4,17.25,17.34,27444.0,47529508.0
2017-10-16,300378,17.34,17.35,16.56,16.56,38351.0,64673684.0
2017-10-17,300378,16.57,16.85,16.41,16.72,24566.0,41054844.0
2017-10-18,300378,16.7,16.85,16.02,16.12,24032.0,39595316.0
2017-10-19,300378,16.11,16.28,15.73,15.79,28679.0,45671048.0
2017-10-20,300378,15.79,16.08,15.66,16.02,16792.0,26836550.0
2017-10-23,300378,16.1,16.38,16.06,16.27,20405.0,33142678.0
2017-10-24,300378,16.2,16.35,15.91,16.14,17342.0,27920864.0
2017-10-25,300378,16.13,16.37,16.12,16.37,16074.0,26103136.0
2017-10-26,300378,16.37,16.47,16.21,16.3,18661.0,30457804.0
2017-10-27,300378,16.36,16.39,16.06,16.07,18990.0,30832486.0
2017-10-30,300378,16.2,16.2,15.21,15.4,27109.0,42124664.0
2017-10-31,300378,15.4,15.55,15.31,15.51,18344.0,28345500.0
2017-11-01,300378,15.56,15.66,15.38,15.4,16831.0,26124806.0
2017-11-02,300378,15.41,15.43,15.08,15.15,19350.0,29469124.0
2017-11-03,300378,15.15,15.37,15.08,15.22,19942.0,30303630.0
2017-11-06,300378,15.28,15.51,15.1,15.46,17416.0,26678246.0
2017-11-07,300378,15.47,15.5,15.25,15.49,17050.0,26162966.0
2017-11-08,300378,15.5,15.8,15.42,15.7,26563.0,41618464.0
2017-11-09,300378,15.69,15.88,15.56,15.87,22154.0,34871944.0
2017-11-10,300378,15.78,15.81,15.62,15.68,16824.0,26408612.0
2017-11-13,300378,15.78,15.78,15.53,15.59,19980.0,31193354.0
2017-11-14,300378,15.6,16.04,15.59,15.72,34376.0,54407288.0
2017-11-15,300378,15.75,15.77,15.11,15.16,31790.0,49095612.0
2017-11-16,300378,15.18,15.26,15.06,15.14,21718.0,32942302.0
2017-11-17,300378,15.1,15.2,14.32,14.38,34416.0,50585164.0
2017-11-20,300378,14.38,14.75,14.25,14.67,23989.0,34931740.0
2017-11-21,300378,14.58,14.85,14.49,14.68,23844.0,34997432.0
2017-11-22,300378,14.68,15.05,14.57,14.74,24678.0,36441052.0
2017-11-23,300378,14.64,15.18,14.45,14.7,32078.0,47628992.0
2017-11-24,300378,14.5,14.96,14.45,14.86,25622.0,37944340.0
2017-11-27,300378,14.87,15.16,14.6,14.8,22364.0,33326078.0
2017-11-28,300378,14.72,15.12,14.72,15.11,24442.0,36642008.0
2017-11-29,300378,15.02,15.11,14.82,15.05,21480.0,32187846.0
2017-11-30,300378,14.99,15.06,14.7,14.8,18796.0,27969738.0
2017-12-01,300378,14.79,15.5,14.75,15.48,50343.0,76821448.0
2017-12-04,300378,15.31,15.43,15.2,15.29,35404.0,54196640.0
2017-12-05,300378,15.21,15.58,15.0,15.19,47796.0,73061872.0
2017-12-06,300378,15.15,15.73,15.07,15.72,57649.0,89309048.0
2017-12-07,300378,15.6,15.83,15.5,15.53,48295.0,75713136.0
2017-12-08,300378,15.53,15.78,15.45,15.61,30907.0,48348200.0
2017-12-11,300378,15.9,16.03,15.64,15.72,46044.0,72869400.0
2017-12-12,300378,15.65,15.7,15.41,15.42,31172.0,48319860.0
2017-12-13,300378,15.36,15.56,15.31,15.51,25321.0,39176224.0
2017-12-14,300378,15.51,15.55,15.24,15.4,25292.0,38862772.0
2017-12-15,300378,15.38,15.5,15.31,15.46,28660.0,44181440.0
2017-12-18,300378,15.42,15.59,15.29,15.4,25688.0,39683920.0
2017-12-19,300378,15.4,15.92,15.37,15.77,47121.0,74094872.0
2017-12-20,300378,15.62,15.76,15.17,15.18,40028.0,61810152.0
2017-12-21,300378,15.21,15.21,14.7,14.93,29823.0,44504544.0
2017-12-22,300378,14.9,14.98,14.58,14.58,23155.0,34182512.0
2017-12-25,300378,14.54,14.6,14.32,14.5,22701.0,32742218.0
2017-12-26,300378,14.5,14.75,14.42,14.65,18422.0,26980142.0
2017-12-27,300378,14.66,14.77,14.5,14.5,18061.0,26490706.0
2017-12-28,300378,14.52,14.78,14.48,14.64,17731.0,25990048.0
2017-12-29,300378,14.69,14.83,14.62,14.77,14708.0,21674264.0
2018-01-02,300378,14.85,14.87,14.63,14.8,14269.0,21066608.0
2018-01-03,300378,14.8,15.06,14.74,14.93,22586.0,33629388.0
2018-01-04,300378,14.9,14.93,14.75,14.85,19738.0,29284188.0
2018-01-05,300378,14.85,15.04,14.81,14.88,17882.0,26687954.0
2018-01-08,300378,14.83,14.84,14.52,14.7,24669.0,36103800.0
2018-01-09,300378,14.66,14.8,14.59,14.8,21274.0,31298862.0
2018-01-10,300378,14.79,15.24,14.75,15.04,56058.0,84166280.0
2018-01-11,300378,14.95,15.79,14.87,15.58,71131.0,109081264.0
2018-01-12,300378,15.29,15.39,14.8,14.85,64872.0,98206384.0
2018-01-15,300378,14.6,14.62,14.0,14.03,50117.0,71386984.0
2018-01-16,300378,13.95,14.13,13.85,13.99,32317.0,45179852.0
2018-01-17,300378,14.03,14.17,13.65,13.91,29272.0,40703692.0
2018-01-18,300378,13.2,13.2,12.52,12.75,115360.0,147652656.0
2018-01-19,300378,12.74,12.93,12.63,12.76,46991.0,60230040.0
2018-01-22,300378,12.7,13.14,12.53,12.91,51816.0,66857664.0
2018-01-23,300378,12.89,13.04,12.74,12.89,27781.0,35781212.0
2018-01-24,300378,12.82,13.25,12.77,13.16,42985.0,56276396.0
2018-01-25,300378,13.12,13.43,13.06,13.07,38974.0,51568912.0
2018-01-26,300378,13.02,13.58,12.94,13.23,50857.0,67152632.0
2018-01-29,300378,13.01,13.1,12.72,12.79,45864.0,59054072.0
2018-01-30,300378,12.86,12.87,12.71,12.76,28469.0,36397720.0
2018-01-31,300378,12.64,12.73,11.93,12.0,55070.0,67064856.0
2018-02-01,300378,11.85,12.12,11.7,11.7,33391.0,39656164.0
2018-02-02,300378,11.44,11.83,11.44,11.59,29916.0,34724076.0
2018-02-05,300378,11.37,11.83,11.09,11.6,23930.0,27688690.0
2018-02-06,300378,11.3,11.55,10.91,10.91,33038.0,37206404.0
2018-02-07,300378,11.1,11.32,10.71,11.22,39053.0,43451948.0
2018-02-08,300378,11.1,11.58,11.1,11.53,40320.0,45975156.0
2018-02-09,300378,11.28,11.77,10.85,11.21,41747.0,46939516.0
2018-02-12,300378,11.32,11.93,11.32,11.69,40399.0,47174844.0
2018-02-13,300378,11.63,12.17,11.62,11.78,52606.0,62638580.0
2018-02-14,300378,11.68,11.78,11.48,11.61,24672.0,28609708.0
2018-02-22,300378,11.67,12.12,11.55,11.88,33949.0,40281808.0
2018-02-23,300378,11.85,11.98,11.68,11.95,23997.0,28361834.0
2018-02-26,300378,11.99,12.36,11.9,12.23,57699.0,70232960.0
2018-02-27,300378,12.2,12.91,12.16,12.56,77252.0,96888296.0
2018-02-28,300378,12.44,13.82,12.37,13.82,100427.0,133062064.0
2018-03-01,300378,14.0,14.98,13.6,14.61,199341.0,284084128.0
2018-03-02,300378,14.31,14.57,13.88,14.03,128430.0,182315040.0
2018-03-05,300378,14.03,14.24,13.76,14.17,102601.0,143698016.0
2018-03-06,300378,14.05,14.07,13.78,14.01,78585.0,109424960.0
2018-03-07,300378,13.83,14.72,13.81,14.17,131588.0,188280416.0
2018-03-08,300378,14.0,14.23,13.9,14.15,62001.0,87122872.0
2018-03-09,300378,14.09,15.57,14.0,15.57,133121.0,199276416.0
2018-03-12,300378,16.2,16.72,15.8,16.35,238852.0,386248512.0
2018-03-13,300378,16.06,16.3,15.7,15.89,119523.0,191341200.0
2018-03-14,300378,15.75,16.07,15.45,15.46,92572.0,146280544.0
2018-03-15,300378,15.27,16.16,15.04,16.12,108431.0,167916928.0
2018-03-16,300378,16.0,16.35,15.51,15.51,94923.0,151407264.0
2018-03-19,300378,15.25,16.09,14.98,15.76,88076.0,137695440.0
2018-03-20,300378,15.38,15.85,15.24,15.72,71619.0,111173560.0
2018-03-21,300378,15.85,16.28,14.86,14.94,101404.0,159895952.0
2018-03-22,300378,15.18,15.58,14.92,15.14,90032.0,136933856.0
2018-03-23,300378,14.44,14.88,13.63,13.63,107994.0,153945584.0
2018-03-26,300378,13.1,14.46,13.1,14.3,86327.0,120863200.0
2018-03-27,300378,14.55,15.51,14.55,15.08,112724.0,170014752.0
2018-03-28,300378,14.98,15.5,14.8,14.89,107282.0,162775520.0
2018-03-29,300378,15.24,16.0,15.0,15.16,129773.0,201188032.0
2018-03-30,300378,15.49,16.15,15.3,16.01,155441.0,244993616.0
2018-04-02,300378,16.41,16.8,15.75,16.6,211556.0,345896384.0
2018-04-03,300378,16.21,16.3,15.6,16.0,140578.0,224520560.0
2018-04-04,300378,16.15,16.18,15.42,15.44,84506.0,133109960.0
2018-04-09,300378,15.22,15.96,15.01,15.6,88755.0,139045472.0
2018-04-10,300378,15.5,15.65,14.84,15.26,73163.0,110941384.0
2018-04-11,300378,15.45,15.8,15.19,15.37,74927.0,116439896.0
2018-04-12,300378,15.43,15.88,15.3,15.7,86399.0,135193888.0
2018-04-13,300378,15.76,15.96,15.42,15.94,92467.0,145655168.0
2018-04-16,300378,16.0,16.46,15.65,16.35,152418.0,244644016.0
2018-04-17,300378,16.26,16.27,15.0,15.0,122831.0,192304832.0
2018-04-18,300378,15.06,16.29,14.74,15.87,122716.0,189884656.0
2018-04-19,300378,15.7,16.64,15.7,16.14,161357.0,260686160.0
2018-04-20,300378,16.08,16.54,15.31,15.45,123689.0,198081824.0
2018-04-23,300378,15.53,15.97,14.88,15.6,90091.0,139958096.0
2018-04-24,300378,15.72,17.16,15.72,17.16,240362.0,397945536.0
2018-04-25,300378,17.0,17.47,16.85,17.22,214757.0,367730368.0
2018-04-26,300378,17.0,17.75,16.72,17.22,177522.0,305652096.0
2018-04-27,300378,17.22,17.35,16.57,16.69,116849.0,197280240.0
2018-05-02,300378,16.7,16.95,16.13,16.63,79889.0,132100272.0
2018-05-03,300378,16.41,17.28,15.75,17.28,118850.0,196709440.0
2018-05-04,300378,16.99,17.05,16.38,16.38,91000.0,152274560.0
2018-05-07,300378,16.41,16.93,16.18,16.66,74995.0,125498808.0
2018-05-08,300378,16.6,17.9,16.48,17.73,169731.0,293709152.0
2018-05-09,300378,17.48,17.64,17.22,17.51,102878.0,179252064.0
2018-05-10,300378,17.44,17.76,16.92,17.19,94546.0,163578128.0
2018-05-11,300378,17.2,17.28,16.7,16.7,61966.0,104571808.0
2018-05-14,300378,16.52,17.08,16.38,16.47,66719.0,111847960.0
2018-05-15,300378,16.45,16.98,16.3,16.89,60847.0,101806464.0
2018-05-16,300378,16.78,17.0,16.16,16.16,62465.0,103255480.0
2018-05-17,300378,16.1,16.29,15.76,15.94,60375.0,96537640.0
2018-05-18,300378,16.1,16.21,15.63,16.12,49485.0,79119640.0
2018-05-21,300378,16.25,16.6,16.25,16.27,51400.0,84419320.0
2018-05-22,300378,16.2,16.46,16.0,16.45,42436.0,69068760.0
2018-05-23,300378,16.4,16.43,16.0,16.0,46369.0,75207344.0
2018-05-24,300378,15.87,16.09,15.76,15.95,39490.0,62850708.0
2018-05-25,300378,15.75,16.04,14.71,15.02,72356.0,111542992.0
2018-05-28,300378,15.1,15.26,14.53,14.56,57496.0,85769480.0
2018-05-29,300378,14.61,14.94,14.51,14.6,41455.0,60981272.0
2018-05-30,300378,14.33,14.62,13.69,13.86,54325.0,77651392.0
2018-05-31,300378,13.96,14.22,13.87,14.06,39575.0,55662816.0
2018-06-01,300378,14.04,14.06,13.15,13.33,69075.0,93665640.0
2018-06-04,300378,13.54,13.73,13.44,13.57,44315.0,60184276.0
2018-06-05,300378,13.68,14.16,13.63,14.1,49098.0,68658896.0
2018-06-06,300378,14.08,14.23,13.92,13.94,36965.0,51941436.0
2018-06-07,300378,14.05,14.29,13.83,13.88,37651.0,52873640.0
2018-06-08,300378,13.95,14.28,13.71,14.06,57874.0,81262624.0
2018-06-11,300378,14.1,14.1,13.41,13.65,47740.0,65475968.0
2018-06-12,300378,13.57,13.8,13.25,13.8,38088.0,51654956.0
2018-06-13,300378,13.79,13.79,12.98,13.07,49684.0,66554956.0
2018-06-14,300378,12.94,13.4,12.94,13.28,41711.0,55258436.0
2018-06-15,300378,13.21,13.38,12.59,12.71,48785.0,62737628.0
2018-06-19,300378,12.5,12.6,11.44,11.44,64081.0,76585008.0
2018-06-20,300378,11.54,11.87,11.34,11.72,51392.0,59750080.0
2018-06-21,300378,11.64,11.77,11.17,11.32,46147.0,52846748.0
2018-06-22,300378,11.27,11.68,11.12,11.57,46459.0,53670684.0
2018-06-25,300378,11.74,11.85,11.5,11.53,32498.0,37913388.0
2018-06-26,300378,11.33,12.38,11.3,12.06,64416.0,77003880.0
2018-06-27,300378,12.05,12.17,11.81,12.0,44172.0,52907060.0
2018-06-28,300378,12.0,12.25,11.66,11.72,46614.0,56024732.0
2018-06-29,300378,11.76,12.58,11.76,12.55,71236.0,87376888.0
2018-07-02,300378,12.55,12.71,12.2,12.45,61072.0,76087096.0
2018-07-03,300378,12.43,13.2,12.2,12.97,75620.0,95895024.0
2018-07-04,300378,12.8,12.95,12.26,12.43,70076.0,87837040.0
2018-07-05,300378,12.33,12.79,12.16,12.18,55674.0,69285256.0
2018-07-06,300378,12.17,12.88,12.08,12.49,72567.0,90868416.0
2018-07-09,300378,12.47,12.87,12.47,12.8,43425.0,55168684.0
2018-07-10,300378,12.82,12.83,12.61,12.8,35188.0,44698928.0
2018-07-11,300378,12.6,12.6,11.75,12.12,68613.0,83399240.0
2018-07-12,300378,12.08,12.86,12.05,12.7,64127.0,80729160.0
2018-07-13,300378,12.78,12.95,12.62,12.81,39000.0,49794276.0
2018-07-16,300378,12.78,13.08,12.66,12.87,51477.0,66348764.0
2018-07-17,300378,12.88,12.98,12.61,12.98,39858.0,50911848.0
2018-07-18,300378,13.07,13.07,12.6,12.63,42314.0,54204644.0
2018-07-19,300378,12.6,12.73,12.27,12.44,42285.0,52727788.0
2018-07-20,300378,12.37,12.88,12.25,12.78,56596.0,71756848.0
2018-07-23,300378,12.72,13.03,12.62,13.0,57927.0,74605912.0
2018-07-24,300378,12.99,13.08,12.77,12.99,61157.0,79236992.0
2018-07-25,300378,12.95,13.29,12.92,12.99,58827.0,76970632.0
2018-07-26,300378,12.93,13.0,12.69,12.74,45870.0,58654240.0
2018-07-27,300378,12.77,12.81,12.5,12.52,43853.0,55442196.0
2018-07-30,300378,12.48,12.6,12.0,12.14,44124.0,53995940.0
2018-07-31,300378,12.13,12.19,11.96,12.12,28528.0,34497836.0
2018-08-01,300378,12.08,12.24,11.73,11.76,39627.0,47523692.0
2018-08-02,300378,11.7,11.78,11.03,11.52,64295.0,73037584.0
2018-08-03,300378,11.54,11.57,11.16,11.17,31086.0,35408436.0
2018-08-06,300378,10.31,10.63,10.05,10.05,95265.0,97694592.0
2018-08-07,300378,10.05,10.27,9.82,10.25,60766.0,61311952.0
2018-08-08,300378,10.21,10.33,10.0,10.03,49597.0,50485048.0
2018-08-09,300378,10.0,10.67,9.92,10.54,68486.0,71649360.0
2018-08-10,300378,10.51,10.7,10.45,10.65,44173.0,46747360.0
2018-08-13,300378,10.47,11.0,10.42,11.0,48325.0,52012856.0
2018-08-14,300378,10.89,11.01,10.84,10.9,33412.0,36404480.0
2018-08-15,300378,10.89,10.95,10.59,10.6,30676.0,33030884.0
2018-08-16,300378,10.49,10.93,10.24,10.77,49047.0,52601648.0
2018-08-17,300378,10.82,10.95,10.45,10.5,34808.0,37120104.0
2018-08-20,300378,10.45,11.15,10.45,11.02,56794.0,61815932.0
2018-08-21,300378,11.0,11.13,10.82,10.95,48165.0,52787156.0
2018-08-22,300378,10.9,11.0,10.73,10.76,30138.0,32673110.0
2018-08-23,300378,10.74,11.11,10.7,10.91,37395.0,40978512.0
2018-08-24,300378,10.83,11.6,10.83,11.24,78070.0,88313600.0
2018-08-27,300378,11.21,11.54,11.14,11.53,60519.0,68646632.0
2018-08-28,300378,11.48,11.6,11.24,11.33,47883.0,54595360.0
2018-08-29,300378,11.3,11.5,11.26,11.34,27218.0,30888802.0
2018-08-30,300378,11.34,11.37,10.91,10.97,43142.0,47730608.0
2018-08-31,300378,10.97,11.16,10.88,10.93,29561.0,32657348.0
2018-09-03,300378,10.93,11.18,10.65,11.16,37471.0,40875656.0
2018-09-04,300378,11.1,11.48,10.98,11.37,47258.0,53033508.0
2018-09-05,300378,11.29,11.39,11.03,11.1,40993.0,45978416.0
2018-09-06,300378,10.97,11.68,10.95,11.25,55509.0,63045132.0
2018-09-07,300378,11.28,11.5,10.82,11.05,43647.0,48847416.0
2018-09-10,300378,11.01,11.03,10.62,10.64,33832.0,36583448.0
2018-09-11,300378,10.68,11.07,10.42,10.86,30764.0,33330102.0
2018-09-12,300378,10.86,11.17,10.81,10.92,30896.0,33950308.0
2018-09-13,300378,11.04,11.18,10.94,11.11,36633.0,40585472.0
2018-09-14,300378,11.16,11.25,10.77,10.8,42984.0,47135996.0
2018-09-17,300378,10.79,10.79,10.48,10.5,29650.0,31419722.0
2018-09-18,300378,10.43,10.86,10.43,10.8,31456.0,33468404.0
2018-09-19,300378,10.8,11.1,10.7,10.97,39981.0,43713088.0
2018-09-20,300378,10.99,11.07,10.89,10.95,23353.0,25632932.0
2018-09-21,300378,11.03,11.07,10.76,11.05,36556.0,39983516.0
2018-09-25,300378,11.0,11.19,10.92,11.02,29822.0,32985906.0
2018-09-26,300378,11.05,11.12,10.9,10.91,35583.0,39110132.0
2018-09-27,300378,10.93,11.02,10.59,10.61,38458.0,41582968.0
2018-09-28,300378,10.6,10.74,10.54,10.65,26500.0,28217636.0
2018-10-08,300378,10.41,10.41,10.0,10.02,38635.0,39275188.0
2018-10-09,300378,10.01,10.13,9.93,10.06,26910.0,26979064.0
2018-10-10,300378,10.02,10.15,9.93,10.1,23602.0,23761228.0
2018-10-11,300378,9.77,9.78,9.09,9.09,47467.0,44793984.0
2018-10-12,300378,9.04,9.28,8.65,9.05,32757.0,29399012.0
2018-10-15,300378,9.09,9.27,8.98,9.0,24466.0,22359806.0
2018-10-16,300378,8.99,9.24,8.88,9.02,26427.0,23949374.0
2018-10-17,300378,9.2,9.42,9.01,9.37,44353.0,40995908.0
2018-10-18,300378,9.22,9.29,8.97,9.05,29804.0,27245446.0
2018-10-19,300378,8.8,9.49,8.8,9.46,45926.0,42585684.0
2018-10-22,300378,9.56,10.06,9.5,9.88,63021.0,61775928.0
2018-10-23,300378,9.9,9.97,9.55,9.65,44361.0,43179304.0
2018-10-24,300378,9.68,9.83,9.61,9.67,30137.0,29306640.0
2018-10-25,300378,9.32,9.57,9.12,9.54,39654.0,37071520.0
2018-10-26,300378,9.61,9.75,9.44,9.55,29483.0,28334836.0
2018-10-29,300378,9.45,9.75,9.39,9.48,27886.0,26696950.0
2018-10-30,300378,9.45,9.97,9.31,9.78,48499.0,46979804.0
2018-10-31,300378,9.84,9.94,9.72,9.81,34688.0,34063056.0
2018-11-01,300378,10.05,10.22,9.86,9.87,66906.0,67180288.0
2018-11-02,300378,10.04,10.25,9.96,10.24,63479.0,64351872.0
2018-11-05,300378,10.19,10.32,9.95,10.18,57672.0,58373408.0
2018-11-06,300378,10.0,10.1,9.81,10.08,51806.0,51599148.0
2018-11-07,300378,10.05,10.25,9.96,9.96,49486.0,49978884.0
2018-11-08,300378,10.08,10.15,9.95,9.96,43621.0,43858448.0
2018-11-09,300378,9.94,10.13,9.9,9.94,31959.0,31992344.0
2018-11-12,300378,9.93,10.35,9.89,10.33,67886.0,69233416.0
2018-11-13,300378,10.22,10.7,10.18,10.64,84926.0,89126840.0
2018-11-14,300378,10.61,10.85,10.52,10.56,59723.0,63626268.0
2018-11-15,300378,10.57,11.02,10.56,11.01,73207.0,79196960.0
2018-11-16,300378,11.08,11.16,10.83,11.08,63342.0,69763928.0
2018-11-19,300378,10.98,11.12,10.76,11.05,60000.0,65436596.0
2018-11-20,300378,10.93,11.65,10.71,11.25,125572.0,139279504.0
2018-11-21,300378,11.11,11.59,10.93,11.14,123188.0,137631232.0
2018-11-22,300378,11.2,11.88,10.98,11.15,170255.0,192764080.0
2018-11-23,300378,10.99,10.99,10.08,10.13,142240.0,149010304.0
2018-11-26,300378,10.1,10.28,10.0,10.06,47504.0,48137828.0
2018-11-27,300378,10.12,10.3,10.06,10.18,45346.0,46134596.0
2018-11-28,300378,10.1,10.45,10.03,10.43,60007.0,61766788.0
2018-11-29,300378,10.46,10.54,9.93,9.93,61748.0,63279616.0
2018-11-30,300378,9.91,10.16,9.74,10.08,48088.0,47966464.0
2018-12-03,300378,10.4,10.57,10.3,10.43,57907.0,60389560.0
2018-12-04,300378,10.42,10.62,10.35,10.61,40768.0,42870292.0
2018-12-05,300378,10.4,10.56,10.32,10.5,45006.0,46968768.0
2018-12-06,300378,10.48,10.55,10.15,10.21,44755.0,46232636.0
2018-12-07,300378,10.29,10.41,10.22,10.27,31209.0,32151984.0
2018-12-10,300378,10.13,10.23,10.02,10.11,25178.0,25510264.0
2018-12-11,300378,10.16,10.23,10.12,10.23,24409.0,24841424.0
2018-12-12,300378,10.18,10.25,10.06,10.13,25793.0,26184580.0
2018-12-13,300378,10.18,10.34,10.03,10.2,30938.0,31623340.0
2018-12-14,300378,10.17,10.23,9.83,9.86,41998.0,41976592.0
2018-12-17,300378,9.78,9.91,9.73,9.89,20632.0,20268530.0
2018-12-18,300378,9.86,9.96,9.72,9.85,23735.0,23380838.0
2018-12-19,300378,9.86,9.93,9.76,9.82,21545.0,21194216.0
2018-12-20,300378,9.77,9.95,9.76,9.91,25272.0,24945394.0
2018-12-21,300378,9.9,10.1,9.84,10.03,27725.0,27691786.0
2018-12-24,300378,10.05,10.17,9.96,10.14,26223.0,26467402.0
2018-12-25,300378,10.0,10.09,9.56,9.97,44248.0,43526924.0
2018-12-26,300378,9.99,10.11,9.96,10.03,28513.0,28645256.0
2018-12-27,300378,10.17,10.32,9.9,9.91,39672.0,40229452.0
2018-12-28,300378,9.9,10.0,9.78,9.79,26241.0,25954588.0
2019-01-02,300378,9.85,9.95,9.72,9.92,21071.0,20745976.0
2019-01-03,300378,9.92,10.08,9.85,9.95,25504.0,25472104.0
2019-01-04,300378,9.83,10.44,9.7,10.44,68071.0,69719000.0
2019-01-07,300378,10.45,10.65,10.4,10.56,54326.0,57042140.0
2019-01-08,300378,10.52,10.58,10.42,10.5,33241.0,34874444.0
2019-01-09,300378,10.5,10.67,10.37,10.39,54318.0,57327316.0
2019-01-10,300378,10.39,10.63,10.35,10.45,43703.0,45963188.0
2019-01-11,300378,10.51,10.71,10.43,10.61,38526.0,40636064.0
2019-01-14,300378,10.58,10.65,10.3,10.33,33270.0,34613276.0
2019-01-15,300378,10.28,11.22,10.28,11.0,132392.0,144061472.0
2019-01-16,300378,10.99,11.28,10.82,10.84,106242.0,117024320.0
2019-01-17,300378,10.85,10.96,10.58,10.62,66495.0,71452144.0
2019-01-18,300378,10.65,10.75,10.45,10.61,56751.0,60072864.0
2019-01-21,300378,10.6,10.72,10.51,10.57,39880.0,42305680.0
2019-01-22,300378,10.58,10.65,10.45,10.53,33542.0,35331156.0
2019-01-23,300378,10.46,10.56,10.39,10.53,23503.0,24605884.0
2019-01-24,300378,10.54,10.77,10.44,10.68,53113.0,56570704.0
2019-01-25,300378,10.69,10.69,10.38,10.4,43400.0,45776544.0
2019-01-28,300378,10.45,10.72,10.42,10.46,38229.0,40386472.0
2019-01-29,300378,10.44,10.45,9.91,10.04,43828.0,44202292.0
2019-01-30,300378,9.9,10.1,9.8,9.82,27364.0,27202606.0
2019-01-31,300378,9.95,10.16,9.85,9.97,37059.0,37155928.0
2019-02-01,300378,9.99,10.38,9.99,10.34,31775.0,32482812.0
2019-02-11,300378,10.39,10.67,10.35,10.67,41846.0,44112528.0
2019-02-12,300378,10.67,10.82,10.57,10.76,49612.0,52998868.0
2019-02-13,300378,10.72,11.23,10.67,11.05,96594.0,105637976.0
2019-02-14,300378,11.01,11.04,10.87,10.94,55591.0,60789768.0
2019-02-15,300378,10.97,11.14,10.88,10.96,57036.0,62740264.0
2019-02-18,300378,10.99,11.43,10.99,11.4,79102.0,89161656.0
2019-02-19,300378,11.38,11.85,11.24,11.42,100771.0,115812456.0
2019-02-20,300378,11.38,11.43,11.16,11.4,55526.0,62737024.0
2019-02-21,300378,11.4,11.71,11.2,11.26,95281.0,109064048.0
2019-02-22,300378,11.22,11.92,11.22,11.87,112554.0,131213144.0
2019-02-25,300378,12.22,12.83,12.1,12.76,148072.0,184292176.0
2019-02-26,300378,12.75,13.13,12.34,12.51,149485.0,188822048.0
2019-02-27,300378,12.51,13.08,12.4,12.75,137254.0,175090880.0
2019-02-28,300378,12.48,12.68,12.26,12.41,98902.0,123067688.0
2019-03-01,300378,12.42,12.54,12.14,12.4,69491.0,85916640.0
2019-03-04,300378,12.59,13.25,12.57,12.71,144330.0,184941664.0
2019-03-05,300378,12.57,13.38,12.55,13.38,133626.0,173768496.0
2019-03-06,300378,13.6,13.97,13.17,13.59,143571.0,193765520.0
2019-03-07,300378,13.5,14.95,13.43,14.8,234258.0,339356992.0
2019-03-08,300378,14.1,15.59,14.1,14.3,225170.0,336487232.0
2019-03-11,300378,14.58,15.4,14.16,15.33,133647.0,197510272.0
2019-03-12,300378,15.55,16.24,15.05,15.63,187373.0,294801024.0
2019-03-13,300378,15.5,15.65,14.59,14.68,125988.0,189902592.0
2019-03-14,300378,14.68,14.81,13.78,14.36,105165.0,149807440.0
2019-03-15,300378,14.45,14.8,13.97,14.17,73243.0,105343768.0
2019-03-18,300378,14.33,14.49,14.18,14.39,61320.0,87938608.0
2019-03-19,300378,14.45,14.89,14.26,14.54,79896.0,116443904.0
2019-03-20,300378,14.45,14.65,13.95,14.31,82298.0,117606864.0
2019-03-21,300378,14.41,14.98,14.32,14.57,106863.0,156655264.0
2019-03-22,300378,14.62,14.93,14.18,14.6,104241.0,151564240.0
2019-03-25,300378,14.25,14.62,13.96,14.28,74678.0,107404104.0
2019-03-26,300378,14.3,14.76,14.19,14.28,89622.0,129519016.0
2019-03-27,300378,13.85,13.94,12.96,13.4,130886.0,175028000.0
2019-03-28,300378,13.28,13.79,13.13,13.58,104772.0,142268512.0
2019-03-29,300378,13.62,14.44,13.51,14.35,100416.0,140810928.0
2019-04-01,300378,14.49,14.93,14.49,14.69,105437.0,155588400.0
2019-04-02,300378,15.0,16.16,14.7,16.16,183287.0,284892416.0
2019-04-03,300378,16.5,17.78,16.25,17.78,59596.0,103235168.0
2019-04-04,300378,19.56,19.56,19.56,19.56,17547.0,34323184.0
2019-04-08,300378,21.52,21.52,20.32,21.52,357096.0,759645440.0
2019-04-09,300378,23.2,23.67,22.4,23.67,215716.0,495650080.0
2019-04-10,300378,25.0,26.04,24.65,26.04,422084.0,1063983744.0
2019-04-11,300378,25.0,25.99,23.44,23.44,459605.0,1095426688.0
2019-04-12,300378,21.1,21.52,21.1,21.1,359581.0,758992896.0
2019-04-15,300378,20.39,20.81,19.65,19.78,461115.0,930271360.0
2019-04-16,300378,19.94,20.13,19.25,20.01,328071.0,647409728.0
2019-04-17,300378,19.85,20.5,19.68,20.03,297738.0,595722496.0
2019-04-18,300378,19.84,20.6,19.33,20.0,330332.0,659857408.0
2019-04-19,300378,19.88,20.54,19.7,19.96,296879.0,597933312.0
2019-04-22,300378,19.75,19.82,18.78,18.88,247888.0,474595264.0
2019-04-23,300378,19.11,19.35,18.57,18.82,168794.0,320624576.0
2019-04-24,300378,18.91,19.26,18.53,19.19,164887.0,312291040.0
2019-04-25,300378,18.95,18.95,17.41,17.65,210799.0,383547136.0
2019-04-26,300378,17.69,18.07,17.31,17.31,145115.0,257208784.0
2019-04-29,300378,17.63,17.7,16.55,16.75,168552.0,286459936.0
2019-04-30,300378,16.8,17.1,16.48,16.9,124880.0,210161264.0
2019-05-06,300378,15.7,15.89,15.21,15.21,95332.0,147722544.0
2019-05-07,300378,14.91,15.25,14.61,15.02,148699.0,222269904.0
2019-05-08,300378,14.68,15.66,14.51,15.22,162137.0,247661008.0
2019-05-09,300378,15.1,15.98,15.01,15.1,179267.0,277691840.0
2019-05-10,300378,15.47,15.97,14.88,15.86,208846.0,324921376.0
2019-05-13,300378,15.65,15.76,15.34,15.45,107231.0,166942464.0
2019-05-14,300378,15.25,15.98,15.25,15.54,136728.0,215049120.0
2019-05-15,300378,15.85,16.35,15.66,16.15,196082.0,314543200.0
2019-05-16,300378,16.05,16.13,15.59,15.76,156779.0,247927088.0
2019-05-17,300378,15.79,16.14,14.42,14.67,171877.0,263951312.0
2019-05-20,300378,14.75,15.65,14.66,15.18,144812.0,219485776.0
2019-05-21,300378,15.54,15.81,15.33,15.58,119384.0,186029264.0
2019-05-22,300378,15.34,15.99,15.27,15.72,145154.0,227222768.0
2019-05-23,300378,15.99,16.07,14.6,14.8,141834.0,215429360.0
2019-05-24,300378,14.54,15.24,14.54,15.0,113338.0,170186800.0
2019-05-27,300378,15.09,15.8,14.92,15.63,122047.0,188525344.0
2019-05-28,300378,15.8,15.87,15.23,15.31,116188.0,179782352.0
2019-05-29,300378,15.26,15.41,15.0,15.06,82748.0,125923960.0
2019-05-30,300378,15.3,15.37,14.53,14.8,116409.0,174237024.0
2019-05-31,300378,14.75,15.12,14.5,14.5,87460.0,129316216.0
2019-06-03,300378,14.57,14.65,13.78,13.95,108276.0,151814736.0
2019-06-04,300378,14.08,14.45,13.75,13.88,89350.0,125603512.0
2019-06-05,300378,14.08,14.24,13.88,13.95,64122.0,90201160.0
2019-06-06,300378,13.95,14.06,13.64,13.78,70387.0,97546560.0
2019-06-10,300378,13.83,14.1,13.38,14.02,80631.0,111269648.0
2019-06-11,300378,13.99,14.65,13.8,14.65,108871.0,156207648.0
2019-06-12,300378,14.61,14.76,14.27,14.27,77779.0,112616056.0
2019-06-13,300378,14.27,14.72,14.23,14.48,79056.0,114795504.0
2019-06-14,300378,14.45,14.61,13.68,13.7,78451.0,110444616.0
2019-06-17,300378,13.69,13.97,13.6,13.89,39242.0,54278168.0
2019-06-18,300378,13.77,14.25,13.77,14.04,50013.0,70103720.0
2019-06-19,300378,14.38,14.57,14.25,14.3,75835.0,109331040.0
2019-06-20,300378,14.3,14.98,14.09,14.75,112908.0,164873200.0
2019-06-21,300378,15.15,15.37,14.9,15.13,138040.0,209027232.0
2019-06-24,300378,15.15,15.29,14.92,15.03,77533.0,117077752.0
2019-06-25,300378,15.15,15.19,14.45,14.76,70602.0,103647816.0
2019-06-26,300378,14.87,14.87,14.45,14.51,51396.0,75284088.0
2019-06-27,300378,14.57,14.81,14.5,14.65,55040.0,80606960.0
2019-06-28,300378,14.65,14.65,13.19,13.49,141212.0,193749232.0
2019-07-01,300378,13.78,14.84,13.73,14.84,115153.0,164498736.0
2019-07-02,300378,15.1,15.42,14.8,14.89,169739.0,255319024.0
2019-07-03,300378,14.96,14.98,14.4,14.55,95159.0,138890432.0
2019-07-04,300378,14.64,14.67,13.98,14.2,74980.0,106715632.0
2019-07-05,300378,14.32,14.32,14.08,14.17,42649.0,60524104.0
2019-07-08,300378,14.08,14.08,13.11,13.39,80759.0,109188232.0
2019-07-09,300378,13.48,13.5,13.17,13.39,56764.0,75640760.0
2019-07-10,300378,13.45,13.5,13.14,13.21,39122.0,52160044.0
2019-07-11,300378,13.35,13.52,13.19,13.35,40092.0,53576048.0
2019-07-12,300378,13.33,13.48,13.21,13.36,33661.0,45051732.0
2019-07-15,300378,13.5,14.7,13.3,14.7,77212.0,108920864.0
2019-07-16,300378,14.89,15.25,14.52,14.58,226710.0,338062720.0
2019-07-17,300378,14.56,14.98,14.37,14.83,142546.0,210015328.0
2019-07-18,300378,14.61,14.66,14.05,14.07,109213.0,155662608.0
2019-07-19,300378,14.25,14.57,14.25,14.3,85037.0,122313712.0
2019-07-22,300378,14.45,14.84,14.15,14.15,126040.0,182951008.0
2019-07-23,300378,14.18,14.8,14.16,14.66,112953.0,164589040.0
2019-07-24,300378,14.72,15.08,14.55,14.92,135799.0,202166096.0
2019-07-25,300378,14.86,15.12,14.72,15.09,109890.0,164020432.0
2019-07-26,300378,14.94,15.08,14.75,14.89,82805.0,123452992.0
2019-07-29,300378,14.92,15.24,14.9,15.09,116211.0,175048592.0
2019-07-30,300378,15.05,15.3,14.85,14.87,122853.0,184979776.0
2019-07-31,300378,14.79,15.07,14.7,14.73,70737.0,105312856.0
2019-08-01,300378,14.78,16.2,14.73,15.47,306887.0,483247776.0
2019-08-02,300378,15.1,16.55,15.0,16.38,361728.0,574202240.0
2019-08-05,300378,16.1,16.28,15.68,15.82,224829.0,357521152.0
2019-08-06,300378,15.35,15.38,14.24,14.71,212141.0,311950752.0
2019-08-07,300378,14.79,14.9,13.68,13.87,149247.0,214060448.0
2019-08-08,300378,13.98,14.25,13.85,14.05,92926.0,130485968.0
2019-08-09,300378,14.14,14.24,13.59,13.82,95122.0,132421120.0
2019-08-12,300378,13.83,14.13,13.61,14.12,83434.0,115673992.0
2019-08-13,300378,13.93,13.96,13.64,13.72,71373.0,98411368.0
2019-08-14,300378,13.96,14.47,13.87,14.04,112833.0,159575280.0
2019-08-15,300378,13.37,14.32,13.2,14.24,110418.0,152165648.0
2019-08-16,300378,14.15,14.6,14.07,14.28,108924.0,156080144.0
2019-08-19,300378,14.43,15.14,14.39,15.11,151489.0,224911616.0
2019-08-20,300378,15.05,15.65,15.01,15.46,181375.0,278805824.0
2019-08-21,300378,15.29,15.44,15.13,15.27,94864.0,144720192.0
2019-08-22,300378,15.25,15.55,15.15,15.39,109959.0,169030592.0
2019-08-23,300378,15.4,15.87,15.11,15.41,129008.0,199565920.0
2019-08-26,300378,14.96,15.57,14.84,15.26,92995.0,141852592.0
2019-08-27,300378,15.57,15.88,15.35,15.72,158803.0,248419840.0
2019-08-28,300378,15.73,16.77,15.62,16.21,256715.0,417780608.0
2019-08-29,300378,16.25,16.8,16.04,16.22,210984.0,346848512.0
2019-08-30,300378,16.45,16.6,15.48,15.6,194503.0,312725152.0
2019-09-02,300378,16.0,16.48,15.81,16.24,156628.0,253318192.0
2019-09-03,300378,16.49,17.65,16.17,17.18,258074.0,437396224.0
2019-09-04,300378,17.0,17.6,16.78,17.29,186406.0,319921024.0
2019-09-05,300378,17.34,18.43,17.15,17.67,234658.0,416007648.0
2019-09-06,300378,17.67,18.1,17.31,17.74,162646.0,288017728.0
2019-09-09,300378,17.84,19.13,17.58,18.91,216451.0,399398880.0
2019-09-10,300378,18.92,19.17,18.18,18.63,166031.0,309150400.0
2019-09-11,300378,18.78,18.78,17.96,17.98,146162.0,266979680.0
2019-09-12,300378,18.17,18.3,17.71,18.29,161150.0,290146016.0
2019-09-16,300378,18.39,18.39,17.93,18.06,130541.0,236914560.0
2019-09-17,300378,18.05,18.06,17.37,17.54,134258.0,236720240.0
2019-09-18,300378,17.69,17.7,17.2,17.42,101513.0,176678848.0
2019-09-19,300378,17.53,17.84,17.25,17.83,112455.0,197229648.0
2019-09-20,300378,17.73,17.83,17.36,17.46,90089.0,158095840.0
2019-09-23,300378,17.1,17.1,16.1,16.52,163509.0,268191376.0
2019-09-24,300378,16.52,17.58,16.48,17.34,190019.0,325694880.0
2019-09-25,300378,17.14,17.27,16.77,16.86,91347.0,155619168.0
2019-09-26,300378,16.88,17.11,15.65,15.8,123662.0,200006560.0
2019-09-27,300378,15.82,16.47,15.82,16.31,86684.0,140702432.0
2019-09-30,300378,16.2,16.65,16.1,16.1,63540.0,103616488.0
2019-10-08,300378,15.99,16.37,15.78,15.78,56351.0,90543608.0
2019-10-09,300378,15.85,16.71,15.73,16.71,101136.0,165799472.0
2019-10-10,300378,16.58,16.93,16.55,16.89,94186.0,157648496.0
2019-10-11,300378,16.95,16.95,16.34,16.52,88048.0,145987120.0
2019-10-14,300378,16.8,16.98,16.58,16.74,83908.0,140885840.0
2019-10-15,300378,16.7,16.74,16.05,16.25,83859.0,136494672.0
2019-10-16,300378,16.43,16.75,16.2,16.3,75961.0,125372920.0
2019-10-17,300378,16.21,16.37,15.96,16.15,71508.0,115827728.0
2019-10-18,300378,16.2,16.25,15.33,15.63,103374.0,162768464.0
2019-10-21,300378,15.59,15.59,15.07,15.37,57642.0,88026856.0
2019-10-22,300378,15.4,15.75,15.38,15.73,64511.0,100725304.0
2019-10-23,300378,15.73,16.09,15.58,15.66,66656.0,105676696.0
2019-10-24,300378,15.78,15.91,15.44,15.68,47717.0,74725912.0
2019-10-25,300378,15.66,15.79,15.2,15.75,62827.0,97342744.0
2019-10-28,300378,16.25,16.74,16.04,16.73,130898.0,215837040.0
2019-10-29,300378,16.63,16.64,16.0,16.02,96139.0,156872128.0
2019-10-30,300378,16.09,16.3,15.54,15.77,60970.0,96895568.0
2019-10-31,300378,15.77,15.92,15.2,15.28,74073.0,114557376.0
2019-11-01,300378,15.2,15.42,15.18,15.26,50279.0,77024112.0
2019-11-04,300378,15.37,15.51,15.13,15.17,63557.0,97567456.0
2019-11-05,300378,15.17,15.27,14.73,15.1,70139.0,105136912.0
2019-11-06,300378,15.09,15.22,14.56,14.66,67161.0,99556064.0
2019-11-07,300378,14.61,14.94,14.52,14.87,44402.0,65739184.0
2019-11-08,300378,14.93,15.19,14.75,14.8,55825.0,83787472.0
2019-11-11,300378,14.7,14.7,14.09,14.15,57278.0,82103024.0
2019-11-12,300378,14.11,14.36,14.05,14.27,45597.0,64723572.0
2019-11-13,300378,14.28,14.28,13.92,14.13,47808.0,67299160.0
2019-11-14,300378,14.12,14.37,14.03,14.3,49273.0,70136232.0
2019-11-15,300378,14.32,14.56,14.18,14.29,57688.0,82942976.0
2019-11-18,300378,14.31,14.68,14.19,14.64,56673.0,82244512.0
2019-11-19,300378,14.61,14.93,14.5,14.92,63414.0,93775712.0
2019-11-20,300378,14.85,15.05,14.72,14.77,59479.0,88318240.0
2019-11-21,300378,14.57,14.92,14.52,14.83,44120.0,65242792.0
2019-11-22,300378,14.84,14.99,14.4,14.62,58511.0,86036120.0
2019-11-25,300378,14.57,14.58,13.97,14.11,59451.0,84352432.0
2019-11-26,300378,14.19,14.28,13.92,13.97,37919.0,53348948.0
2019-11-27,300378,13.91,14.09,13.72,13.95,40954.0,56931952.0
2019-11-28,300378,13.7,13.7,13.37,13.47,80014.0,107812864.0
2019-11-29,300378,13.44,13.67,13.32,13.6,43284.0,58497748.0
2019-12-02,300378,13.6,13.88,13.6,13.8,43889.0,60444452.0
2019-12-03,300378,13.79,13.97,13.65,13.97,38248.0,52978760.0
2019-12-04,300378,13.82,14.07,13.81,13.95,32295.0,45003520.0
2019-12-05,300378,14.08,14.42,13.97,14.33,59197.0,84131584.0
2019-12-06,300378,14.33,14.5,14.23,14.47,52890.0,76015344.0
2019-12-09,300378,14.58,14.75,14.37,14.69,57987.0,84577512.0
2019-12-10,300378,14.69,14.85,14.5,14.82,67807.0,99836312.0
2019-12-11,300378,14.85,14.86,14.59,14.65,57331.0,84522408.0
2019-12-12,300378,14.76,14.83,14.59,14.61,50752.0,74654408.0
2019-12-13,300378,14.8,14.9,14.67,14.89,63378.0,93843648.0
2019-12-16,300378,14.91,15.19,14.91,15.15,85185.0,128350864.0
2019-12-17,300378,15.14,15.24,15.0,15.13,84215.0,127399144.0
2019-12-18,300378,15.06,15.57,15.02,15.23,97843.0,149807344.0
2019-12-19,300378,15.25,15.55,15.15,15.43,90611.0,139164192.0
2019-12-20,300378,15.43,15.44,14.81,14.82,87960.0,132632944.0
2019-12-23,300378,14.76,14.89,14.25,14.3,69156.0,101187224.0
2019-12-24,300378,14.33,14.55,14.23,14.53,49543.0,71506600.0
2019-12-25,300378,14.53,14.98,14.5,14.83,74154.0,109637080.0
2019-12-26,300378,14.83,15.02,14.75,15.0,52998.0,78857168.0
2019-12-27,300378,15.13,15.13,14.69,14.71,66507.0,99124848.0
2019-12-30,300378,14.53,14.8,14.23,14.75,52932.0,77102096.0
2019-12-31,300378,14.74,15.04,14.7,14.92,53005.0,78870096.0
2020-01-02,300378,15.06,16.08,14.96,15.74,150760.0,234790256.0
2020-01-03,300378,15.86,16.13,15.73,16.1,126450.0,201785536.0
2020-01-06,300378,15.9,16.3,15.76,15.97,111956.0,179143456.0
2020-01-07,300378,16.0,16.35,15.91,16.28,109598.0,177006272.0
2020-01-08,300378,16.1,16.12,15.63,15.68,129818.0,206035776.0
2020-01-09,300378,15.92,16.45,15.92,16.35,140424.0,227754992.0
2020-01-10,300378,16.46,16.57,16.04,16.21,91279.0,148345088.0
2020-01-13,300378,16.0,16.47,15.96,16.45,89616.0,145740768.0
2020-01-14,300378,16.55,16.62,16.11,16.15,79211.0,129381920.0
2020-01-15,300378,16.17,16.39,15.99,16.33,77768.0,126079984.0
2020-01-16,300378,16.29,16.59,16.2,16.2,92800.0,152019296.0
2020-01-17,300378,16.35,16.85,16.2,16.47,136377.0,225848576.0
2020-01-20,300378,16.45,16.78,16.19,16.75,113203.0,186764720.0
2020-01-21,300378,16.7,16.7,16.25,16.25,82945.0,136570960.0
2020-01-22,300378,16.0,16.47,15.79,16.34,101686.0,163750480.0
2020-01-23,300378,16.11,16.11,14.71,14.71,153319.0,231686432.0
2020-02-03,300378,13.24,13.24,13.24,13.24,14325.0,18966300.0
2020-02-04,300378,12.3,13.68,12.3,13.5,154509.0,204581168.0
2020-02-05,300378,13.5,14.05,13.45,13.7,113630.0,156450512.0
2020-02-06,300378,13.66,14.35,13.63,14.21,120362.0,169491776.0
2020-02-07,300378,14.26,15.09,14.21,15.08,143020.0,209170720.0
2020-02-10,300378,14.9,15.38,14.77,15.1,116173.0,174896688.0
2020-02-11,300378,15.11,15.11,14.63,14.69,85979.0,127434616.0
2020-02-12,300378,14.79,16.09,14.69,15.85,173699.0,267305136.0
2020-02-13,300378,15.93,15.95,15.44,15.77,160424.0,252302000.0
2020-02-14,300378,15.66,16.12,15.47,15.83,147032.0,232321136.0
2020-02-17,300378,16.04,16.56,15.85,16.45,183029.0,298922112.0
2020-02-18,300378,16.5,16.86,16.33,16.77,207284.0,344311808.0
2020-02-19,300378,16.63,16.8,16.28,16.3,161823.0,267707088.0
2020-02-20,300378,16.48,17.4,16.14,17.11,224270.0,376890368.0
2020-02-21,300378,17.07,18.3,17.01,17.69,237775.0,420278304.0
2020-02-24,300378,18.0,18.86,17.9,18.58,226332.0,416669664.0
2020-02-25,300378,17.75,18.99,17.0,18.99,290248.0,523136864.0
2020-02-26,300378,18.27,18.52,17.3,17.47,227884.0,409414560.0
2020-02-27,300378,17.59,18.44,16.85,17.75,212942.0,377642816.0
2020-02-28,300378,16.8,17.64,16.5,16.66,205113.0,350258784.0
2020-03-02,300378,17.0,18.33,17.0,18.33,225989.0,400773408.0
2020-03-03,300378,19.11,19.68,18.38,18.51,307432.0,584765760.0
2020-03-04,300378,18.62,19.54,18.2,18.98,253851.0,480634176.0
2020-03-05,300378,19.45,19.69,18.35,18.53,224588.0,423216864.0
2020-03-06,300378,18.07,19.05,17.74,18.91,196934.0,364382816.0
2020-03-09,300378,18.1,18.61,17.29,17.35,187228.0,335074464.0
2020-03-10,300378,17.27,18.46,17.1,18.37,184969.0,329862048.0
2020-03-11,300378,18.53,18.68,17.38,17.4,167446.0,302735232.0
2020-03-12,300378,16.95,17.5,16.8,17.3,130026.0,222592608.0
2020-03-13,300378,16.48,17.59,16.35,17.45,145396.0,247395952.0
2020-03-16,300378,17.5,17.51,15.86,15.98,146279.0,244524784.0
2020-03-17,300378,16.4,16.53,15.61,16.22,107145.0,173404336.0
2020-03-18,300378,16.33,16.77,15.9,15.96,119238.0,195338608.0
2020-03-19,300378,16.16,16.72,15.95,16.66,120449.0,197435840.0
2020-03-20,300378,16.84,16.98,16.31,16.68,100866.0,167416432.0
2020-03-23,300378,15.95,16.74,15.83,16.27,88661.0,144888784.0
2020-03-24,300378,16.65,17.16,16.3,17.12,154316.0,258985584.0
2020-03-25,300378,17.47,17.47,17.03,17.15,137123.0,236838256.0
2020-03-26,300378,17.17,17.89,16.94,17.33,152160.0,267702816.0
2020-03-27,300378,17.59,17.68,16.74,16.77,129568.0,223131488.0
2020-03-30,300378,16.5,16.53,15.27,15.33,129815.0,203827296.0
2020-03-31,300378,15.65,15.7,14.58,14.7,116069.0,174489088.0
2020-04-01,300378,14.69,14.98,14.3,14.44,85961.0,125930288.0
2020-04-02,300378,14.4,14.99,14.29,14.99,71597.0,105135744.0
2020-04-03,300378,14.92,15.06,14.53,14.65,61079.0,90205992.0
2020-04-07,300378,15.01,15.27,14.92,15.2,80113.0,121100312.0
2020-04-08,300378,15.08,15.31,15.04,15.2,58418.0,88665528.0
2020-04-09,300378,15.32,15.57,15.18,15.57,85425.0,131498272.0
2020-04-10,300378,14.92,14.92,14.01,14.01,168294.0,241217936.0
2020-04-13,300378,13.68,14.03,13.6,13.72,66204.0,91260536.0
2020-04-14,300378,13.88,14.05,13.82,14.03,50685.0,70721984.0
2020-04-15,300378,14.0,14.08,13.74,13.82,46067.0,63929036.0
2020-04-16,300378,13.75,14.09,13.65,14.07,57198.0,79730936.0
2020-04-17,300378,14.2,14.33,13.89,13.92,72581.0,102476216.0
2020-04-20,300378,13.9,14.3,13.9,14.28,65391.0,92518480.0
2020-04-21,300378,14.1,14.35,13.97,14.33,58601.0,83015480.0
2020-04-22,300378,14.28,14.37,14.04,14.29,58664.0,83466104.0
2020-04-23,300378,14.32,14.36,13.85,14.0,57117.0,80271856.0
2020-04-24,300378,13.9,14.08,13.5,13.63,56265.0,77152416.0
2020-04-27,300378,13.72,13.78,13.58,13.64,36530.0,49997964.0
2020-04-28,300378,13.69,13.75,12.66,13.09,71624.0,93989960.0
2020-04-29,300378,13.0,13.26,12.75,12.87,53949.0,70195736.0
2020-04-30,300378,12.93,13.31,12.87,13.18,92011.0,120979496.0
2020-05-06,300378,13.09,13.54,13.01,13.5,54964.0,73057888.0
2020-05-07,300378,13.51,13.71,13.19,13.21,54819.0,73368912.0
2020-05-08,300378,13.36,13.68,13.28,13.51,57727.0,77943880.0
2020-05-11,300378,13.55,13.66,13.22,13.3,49494.0,66518096.0
2020-05-12,300378,13.23,13.3,12.89,13.15,47467.0,62173108.0
2020-05-13,300378,13.14,13.31,13.0,13.21,40841.0,53754348.0
2020-05-14,300378,13.11,13.46,13.04,13.08,44551.0,58873016.0
2020-05-15,300378,13.14,13.41,13.03,13.33,49073.0,65038772.0
2020-05-18,300378,13.31,13.31,12.88,12.9,59596.0,77680400.0
2020-05-19,300378,13.04,13.19,12.91,13.04,37254.0,48559016.0
2020-05-20,300378,13.04,13.05,12.66,12.7,48640.0,62205852.0
