datetime,total_net_in_sh,total_in_sh,total_out_sh,total_net_in_sz,total_in_sz,total_out_sz
2014-11-17,120.82,120.82,0.0,,,
2014-11-18,47.2,49.44,2.24,,,
2014-11-19,24.97,26.7,1.73,,,
2014-11-20,21.42,23.1,1.68,,,
2014-11-21,22.0,24.31,2.31,,,
2014-11-24,58.56,61.39,2.83,,,
2014-11-25,27.5,31.32,3.82,,,
2014-11-26,31.93,35.15,3.23,,,
2014-11-27,28.69,33.35,4.66,,,
2014-11-28,22.46,30.14,7.68,,,
2014-12-01,13.18,37.88,24.7,,,
2014-12-02,31.15,42.14,10.99,,,
2014-12-03,36.85,60.5,23.65,,,
2014-12-04,33.59,46.28,12.69,,,
2014-12-05,24.5,59.84,35.35,,,
2014-12-08,14.16,48.17,34.01,,,
2014-12-09,10.24,56.32,46.07,,,
2014-12-10,18.36,43.87,25.5,,,
2014-12-11,9.15,26.51,17.36,,,
2014-12-12,16.92,33.97,17.04,,,
2014-12-15,9.36,22.24,12.88,,,
2014-12-16,12.26,27.72,15.47,,,
2014-12-17,4.89,35.73,30.84,,,
2014-12-18,18.3,34.49,16.19,,,
2014-12-19,8.62,29.4,20.77,,,
2014-12-22,13.24,39.54,26.3,,,
2014-12-23,5.87,30.03,24.16,,,
2014-12-29,6.69,34.52,27.82,,,
2014-12-30,-6.96,14.25,21.21,,,
2014-12-31,-0.21,21.33,21.54,,,
2015-01-05,20.02,40.01,19.98,,,
2015-01-06,-0.23,32.4,32.64,,,
2015-01-07,3.42,20.43,17.01,,,
2015-01-08,0.58,22.31,21.74,,,
2015-01-09,14.53,34.7,20.17,,,
2015-01-12,-12.73,21.65,34.38,,,
2015-01-13,-2.51,15.73,18.23,,,
2015-01-14,5.94,21.82,15.88,,,
2015-01-15,7.05,27.91,20.86,,,
2015-01-16,1.27,24.78,23.51,,,
2015-01-19,-3.43,26.19,29.62,,,
2015-01-20,21.45,49.36,27.91,,,
2015-01-21,19.26,45.8,26.55,,,
2015-01-22,1.51,27.87,26.35,,,
2015-01-23,2.62,27.24,24.62,,,
2015-01-26,3.96,17.52,13.56,,,
2015-01-27,9.03,27.02,17.99,,,
2015-01-28,11.42,23.03,11.61,,,
2015-01-29,9.75,32.75,23.0,,,
2015-01-30,0.3,17.52,17.22,,,
2015-02-02,1.78,24.12,22.33,,,
2015-02-03,27.0,36.8,9.8,,,
2015-02-04,10.96,21.08,10.12,,,
2015-02-05,28.33,50.58,22.24,,,
2015-02-06,1.61,24.21,22.61,,,
2015-02-09,11.18,25.67,14.49,,,
2015-02-10,16.29,27.3,11.01,,,
2015-02-11,13.82,27.07,13.26,,,
2015-02-12,11.6,26.22,14.62,,,
2015-02-13,19.14,33.2,14.06,,,
2015-02-16,1.24,20.31,19.08,,,
2015-02-17,2.21,14.45,12.24,,,
2015-02-25,10.11,32.52,22.41,,,
2015-02-26,-4.53,29.1,33.62,,,
2015-02-27,6.72,23.57,16.84,,,
2015-03-02,7.46,32.08,24.62,,,
2015-03-03,0.94,21.22,20.28,,,
2015-03-04,3.05,20.42,17.37,,,
2015-03-05,6.42,25.09,18.67,,,
2015-03-06,3.9,16.41,12.51,,,
2015-03-09,5.89,22.06,16.17,,,
2015-03-10,0.53,16.94,16.41,,,
2015-03-11,8.76,26.66,17.9,,,
2015-03-12,15.82,38.54,22.72,,,
2015-03-13,15.84,34.23,18.39,,,
2015-03-16,13.74,31.17,17.43,,,
2015-03-17,21.11,46.79,25.68,,,
2015-03-18,15.91,42.35,26.44,,,
2015-03-19,0.62,38.8,38.19,,,
2015-03-20,11.41,49.9,38.49,,,
2015-03-23,18.66,53.92,35.26,,,
2015-03-24,-16.46,44.1,60.56,,,
2015-03-25,-0.31,39.54,39.85,,,
2015-03-26,-10.14,35.84,45.98,,,
2015-03-27,1.07,29.53,28.46,,,
2015-03-30,-12.5,37.37,49.87,,,
2015-03-31,-13.91,33.59,47.5,,,
2015-04-01,-0.14,31.86,32.0,,,
2015-04-08,-40.21,45.78,85.99,,,
2015-04-09,-50.82,34.52,85.33,,,
2015-04-10,-8.85,32.55,41.4,,,
2015-04-13,9.31,42.64,33.33,,,
2015-04-14,4.28,37.89,33.61,,,
2015-04-15,10.29,43.6,33.31,,,
2015-04-16,15.74,45.32,29.57,,,
2015-04-17,15.97,58.94,42.98,,,
2015-04-20,-11.48,51.16,62.63,,,
2015-04-21,13.86,41.71,27.84,,,
2015-04-22,7.01,49.38,42.37,,,
2015-04-23,-7.39,35.42,42.81,,,
2015-04-24,0.3,37.74,37.45,,,
2015-04-27,10.65,52.26,41.61,,,
2015-04-28,-2.61,41.48,44.09,,,
2015-04-29,2.76,42.23,39.48,,,
2015-04-30,-4.44,33.2,37.64,,,
2015-05-04,0.44,29.61,29.17,,,
2015-05-05,7.77,39.39,31.62,,,
2015-05-06,4.16,44.29,40.13,,,
2015-05-07,25.63,48.75,23.12,,,
2015-05-08,7.65,34.34,26.68,,,
2015-05-11,-0.76,33.13,33.9,,,
2015-05-12,-4.07,32.25,36.32,,,
2015-05-13,-4.02,31.93,35.95,,,
2015-05-14,-1.86,22.48,24.35,,,
2015-05-15,5.01,32.21,27.2,,,
2015-05-18,11.02,30.9,19.88,,,
2015-05-19,20.03,38.39,18.36,,,
2015-05-20,27.72,54.67,26.95,,,
2015-05-21,18.23,48.53,30.29,,,
2015-05-26,34.1,106.94,72.84,,,
2015-05-27,1.83,60.01,58.18,,,
2015-05-28,-31.75,57.71,89.46,,,
2015-05-29,21.11,78.35,57.24,,,
2015-06-01,17.17,63.41,46.24,,,
2015-06-02,2.29,56.28,53.99,,,
2015-06-03,0.32,62.4,62.08,,,
2015-06-04,-10.94,56.19,67.13,,,
2015-06-05,-13.9,42.7,56.6,,,
2015-06-08,-12.9,51.95,64.85,,,
2015-06-09,-15.29,46.41,61.69,,,
2015-06-10,14.01,55.23,41.22,,,
2015-06-11,-10.46,42.23,52.68,,,
2015-06-12,13.09,56.98,43.9,,,
2015-06-15,-12.54,44.54,57.08,,,
2015-06-16,-0.45,42.62,43.07,,,
2015-06-17,-10.7,32.75,43.45,,,
2015-06-18,5.44,35.05,29.61,,,
2015-06-19,77.32,113.16,35.84,,,
2015-06-23,68.36,130.88,62.52,,,
2015-06-24,-31.66,52.1,83.76,,,
2015-06-25,-36.32,43.05,79.37,,,
2015-06-26,31.2,68.64,37.44,,,
2015-06-29,-15.13,68.96,84.09,,,
2015-07-02,27.08,82.0,54.92,,,
2015-07-03,69.8,120.36,50.56,,,
2015-07-06,-135.23,49.32,184.56,,,
2015-07-07,-103.58,52.94,156.52,,,
2015-07-08,-66.26,38.25,104.51,,,
2015-07-09,-37.57,35.42,72.99,,,
2015-07-10,-28.51,27.63,56.14,,,
2015-07-13,-23.02,31.18,54.2,,,
2015-07-14,-15.72,34.34,50.06,,,
2015-07-15,-3.34,28.25,31.59,,,
2015-07-16,-5.3,20.58,25.88,,,
2015-07-17,1.95,25.41,23.47,,,
2015-07-20,-3.78,25.2,28.99,,,
2015-07-21,-6.71,19.16,25.87,,,
2015-07-22,-6.23,22.22,28.45,,,
2015-07-23,3.34,26.49,23.15,,,
2015-07-24,-0.66,25.82,26.48,,,
2015-07-27,-1.54,25.76,27.3,,,
2015-07-28,24.58,66.98,42.4,,,
2015-07-29,-6.45,26.21,32.66,,,
2015-07-30,-2.06,19.03,21.09,,,
2015-07-31,4.27,21.39,17.12,,,
2015-08-03,-21.99,14.5,36.49,,,
2015-08-04,-3.68,18.43,22.11,,,
2015-08-05,0.06,17.07,17.01,,,
2015-08-06,2.09,13.07,10.98,,,
2015-08-07,7.76,20.26,12.5,,,
2015-08-10,1.77,22.38,20.62,,,
2015-08-11,6.57,26.41,19.84,,,
2015-08-12,-2.01,23.07,25.07,,,
2015-08-13,1.67,19.59,17.92,,,
2015-08-14,-0.22,20.42,20.65,,,
2015-08-17,-5.84,13.35,19.2,,,
2015-08-18,-4.83,18.91,23.73,,,
2015-08-19,0.17,24.48,24.32,,,
2015-08-20,-8.39,13.43,21.82,,,
2015-08-21,-9.23,20.54,29.77,,,
2015-08-24,81.49,103.48,21.99,,,
2015-08-25,79.81,101.56,21.74,,,
2015-08-26,73.97,102.41,28.44,,,
2015-08-27,47.13,67.2,20.08,,,
2015-08-28,-25.49,28.68,54.18,,,
2015-08-31,-6.49,21.46,27.96,,,
2015-09-01,-12.89,22.9,35.8,,,
2015-09-02,-30.44,24.61,55.05,,,
2015-09-07,-1.77,21.63,23.4,,,
2015-09-08,43.79,58.65,14.87,,,
2015-09-09,-29.86,29.12,58.97,,,
2015-09-10,29.08,40.04,10.95,,,
2015-09-11,-0.69,12.57,13.26,,,
2015-09-14,-7.2,12.45,19.65,,,
2015-09-15,10.39,22.36,11.97,,,
2015-09-16,17.25,27.97,10.72,,,
2015-09-17,3.45,17.03,13.57,,,
2015-09-18,23.84,39.53,15.7,,,
2015-09-21,5.49,19.6,14.11,,,
2015-09-22,-1.32,19.14,20.46,,,
2015-09-23,-13.07,13.38,26.46,,,
2015-09-24,-9.4,13.8,23.21,,,
2015-09-29,-15.38,11.25,26.62,,,
2015-09-30,3.27,10.63,7.36,,,
2015-10-08,37.35,53.6,16.25,,,
2015-10-09,17.04,23.08,6.04,,,
2015-10-12,-1.99,27.89,29.88,,,
2015-10-13,-4.1,18.46,22.56,,,
2015-10-14,-9.12,8.83,17.95,,,
2015-10-15,3.51,21.98,18.47,,,
2015-10-16,-7.03,24.81,31.85,,,
2015-10-19,-2.6,21.16,23.75,,,
2015-10-22,-13.76,24.51,38.27,,,
2015-10-23,-10.48,20.43,30.91,,,
2015-10-26,-12.23,18.82,31.06,,,
2015-10-27,-2.27,24.36,26.63,,,
2015-10-28,-11.34,18.42,29.76,,,
2015-10-29,-15.77,11.95,27.73,,,
2015-10-30,-12.01,13.83,25.84,,,
2015-11-02,-10.6,12.43,23.03,,,
2015-11-03,-9.65,13.41,23.06,,,
2015-11-04,-23.06,17.74,40.8,,,
2015-11-05,-39.46,25.01,64.47,,,
2015-11-06,-17.02,24.39,41.41,,,
2015-11-09,-14.44,32.32,46.76,,,
2015-11-10,-27.14,26.19,53.33,,,
2015-11-11,-27.92,17.53,45.45,,,
2015-11-12,-16.22,15.51,31.73,,,
2015-11-13,-2.97,19.16,22.13,,,
2015-11-16,-1.8,19.92,21.72,,,
2015-11-17,-4.36,21.19,25.55,,,
2015-11-18,-2.16,18.08,20.25,,,
2015-11-19,-2.66,15.42,18.08,,,
2015-11-20,-1.64,18.83,20.46,,,
2015-11-23,-2.45,13.37,15.83,,,
2015-11-24,1.54,14.58,13.04,,,
2015-11-25,-1.13,14.64,15.77,,,
2015-11-26,4.51,16.77,12.26,,,
2015-11-27,1.59,17.19,15.6,,,
2015-11-30,31.58,48.42,16.85,,,
2015-12-01,6.28,18.81,12.53,,,
2015-12-02,-5.92,19.83,25.76,,,
2015-12-03,-10.9,15.03,25.93,,,
2015-12-04,-6.47,12.66,19.13,,,
2015-12-07,-1.79,11.13,12.92,,,
2015-12-08,-6.7,9.55,16.25,,,
2015-12-09,1.64,13.23,11.59,,,
2015-12-10,-4.85,12.45,17.3,,,
2015-12-11,-3.77,11.27,15.03,,,
2015-12-14,-5.28,11.47,16.75,,,
2015-12-15,2.1,13.89,11.79,,,
2015-12-16,-6.7,10.58,17.29,,,
2015-12-17,8.87,18.2,9.32,,,
2015-12-18,-3.01,16.91,19.92,,,
2015-12-21,-4.58,15.35,19.93,,,
2015-12-22,-7.62,14.83,22.45,,,
2015-12-23,-3.72,14.83,18.55,,,
2015-12-28,-2.73,12.74,15.47,,,
2015-12-29,4.92,14.7,9.78,,,
2015-12-30,2.85,12.19,9.34,,,
2015-12-31,-4.91,6.85,11.75,,,
2016-01-04,0.31,9.15,8.84,,,
2016-01-05,14.29,28.15,13.86,,,
2016-01-06,-6.57,12.41,18.98,,,
2016-01-07,-0.0,3.44,3.44,,,
2016-01-08,1.54,23.19,21.65,,,
2016-01-11,-5.68,13.3,18.98,,,
2016-01-12,-8.57,13.47,22.04,,,
2016-01-13,0.97,14.01,13.04,,,
2016-01-14,-2.92,16.94,19.87,,,
2016-01-15,-3.4,11.51,14.92,,,
2016-01-18,0.81,12.7,11.89,,,
2016-01-19,3.0,13.18,10.18,,,
2016-01-20,-8.81,10.03,18.84,,,
2016-01-21,-2.89,8.71,11.6,,,
2016-01-22,3.21,12.65,9.44,,,
2016-01-25,0.53,9.47,8.94,,,
2016-01-26,-2.62,12.22,14.84,,,
2016-01-27,43.2,54.12,10.92,,,
2016-01-28,-4.99,20.21,25.19,,,
2016-01-29,14.57,37.98,23.41,,,
2016-02-01,-3.58,16.11,19.69,,,
2016-02-02,-1.2,17.65,18.85,,,
2016-02-03,-23.78,7.14,30.92,,,
2016-02-04,1.38,12.22,10.84,,,
2016-02-05,-0.98,7.26,8.24,,,
2016-02-15,-2.21,12.88,15.09,,,
2016-02-16,2.02,14.88,12.86,,,
2016-02-17,-3.44,11.75,15.18,,,
2016-02-18,2.45,14.16,11.72,,,
2016-02-19,0.0,11.65,11.65,,,
2016-02-22,-1.12,13.15,14.27,,,
2016-02-23,2.72,10.57,7.85,,,
2016-02-24,-2.8,9.86,12.65,,,
2016-02-25,0.3,14.1,13.8,,,
2016-02-26,13.17,21.28,8.11,,,
2016-02-29,17.06,25.96,8.9,,,
2016-03-01,5.03,16.49,11.46,,,
2016-03-02,24.41,32.85,8.44,,,
2016-03-03,-8.3,19.42,27.72,,,
2016-03-04,17.31,39.18,21.87,,,
2016-03-07,7.59,19.85,12.26,,,
2016-03-08,-3.45,12.43,15.88,,,
2016-03-09,0.24,10.86,10.63,,,
2016-03-10,2.38,10.98,8.61,,,
2016-03-11,9.07,17.84,8.77,,,
2016-03-14,3.23,18.54,15.31,,,
2016-03-15,-2.78,16.01,18.79,,,
2016-03-16,-2.77,22.73,25.5,,,
2016-03-17,15.88,29.17,13.29,,,
2016-03-18,10.0,41.82,31.82,,,
2016-03-21,-1.64,33.48,35.11,,,
2016-03-22,4.15,33.62,29.47,,,
2016-03-23,-1.3,19.65,20.95,,,
2016-03-29,-2.82,16.3,19.13,,,
2016-03-30,10.58,23.97,13.39,,,
2016-03-31,21.48,34.88,13.4,,,
2016-04-01,-4.73,11.43,16.16,,,
2016-04-05,0.25,13.93,13.68,,,
2016-04-06,-4.21,13.46,17.67,,,
2016-04-07,-1.57,11.53,13.11,,,
2016-04-08,-2.53,10.3,12.83,,,
2016-04-11,9.48,21.06,11.57,,,
2016-04-12,8.7,15.61,6.91,,,
2016-04-13,31.54,45.7,14.15,,,
2016-04-14,14.44,25.09,10.65,,,
2016-04-15,-0.78,14.78,15.56,,,
2016-04-18,-10.87,9.49,20.36,,,
2016-04-19,2.02,12.92,10.9,,,
2016-04-20,-15.36,18.86,34.23,,,
2016-04-21,1.57,17.22,15.65,,,
2016-04-22,-1.91,11.46,13.36,,,
2016-04-25,-1.3,9.9,11.2,,,
2016-04-26,1.83,11.89,10.06,,,
2016-04-27,-3.37,7.2,10.57,,,
2016-04-28,-2.81,12.22,15.03,,,
2016-04-29,0.89,10.21,9.32,,,
2016-05-03,6.15,17.97,11.82,,,
2016-05-04,-2.76,9.08,11.84,,,
2016-05-05,-5.64,6.93,12.56,,,
2016-05-06,-13.6,6.97,20.56,,,
2016-05-09,-5.34,7.88,13.22,,,
2016-05-10,-4.12,11.8,15.91,,,
2016-05-11,-2.4,8.54,10.94,,,
2016-05-12,-4.56,6.46,11.02,,,
2016-05-13,-7.31,5.41,12.72,,,
2016-05-16,0.32,5.63,5.3,,,
2016-05-17,-1.46,6.71,8.17,,,
2016-05-18,-4.24,7.89,12.12,,,
2016-05-19,-1.79,5.15,6.94,,,
2016-05-20,2.14,7.99,5.85,,,
2016-05-23,3.44,10.11,6.67,,,
2016-05-24,-0.75,5.94,6.69,,,
2016-05-25,12.59,16.19,3.6,,,
2016-05-26,3.1,9.91,6.81,,,
2016-05-27,6.15,10.45,4.3,,,
2016-05-30,24.31,30.2,5.89,,,
2016-05-31,34.37,44.52,10.15,,,
2016-06-01,19.01,30.93,11.92,,,
2016-06-02,8.0,13.09,5.09,,,
2016-06-03,13.86,24.29,10.43,,,
2016-06-06,2.01,15.74,13.73,,,
2016-06-07,11.24,17.8,6.55,,,
2016-06-08,-0.56,17.49,18.05,,,
2016-06-13,-10.83,14.99,25.82,,,
2016-06-14,-2.58,9.14,11.72,,,
2016-06-15,-7.0,11.3,18.3,,,
2016-06-16,-9.25,10.43,19.68,,,
2016-06-17,7.3,20.63,13.33,,,
2016-06-20,0.36,8.6,8.24,,,
2016-06-21,-0.88,10.27,11.16,,,
2016-06-22,7.06,13.27,6.21,,,
2016-06-23,-0.74,8.51,9.25,,,
2016-06-24,-20.69,6.69,27.38,,,
2016-06-27,-0.84,12.43,13.27,,,
2016-06-28,-0.91,10.31,11.22,,,
2016-06-29,8.95,22.31,13.36,,,
2016-07-04,11.49,25.76,14.27,,,
2016-07-05,-1.58,12.03,13.61,,,
2016-07-06,-6.45,9.0,15.45,,,
2016-07-07,-2.12,10.84,12.96,,,
2016-07-08,-2.27,11.41,13.69,,,
2016-07-11,15.5,26.14,10.65,,,
2016-07-12,16.9,30.0,13.11,,,
2016-07-13,4.81,24.1,19.29,,,
2016-07-14,7.03,16.92,9.89,,,
2016-07-15,4.16,14.72,10.56,,,
2016-07-18,7.11,15.32,8.21,,,
2016-07-19,5.45,13.72,8.27,,,
2016-07-20,3.42,9.67,6.25,,,
2016-07-21,7.0,16.91,9.9,,,
2016-07-22,2.92,11.62,8.7,,,
2016-07-25,4.49,12.35,7.87,,,
2016-07-26,4.7,15.87,11.17,,,
2016-07-27,9.75,30.96,21.21,,,
2016-07-28,-5.67,14.89,20.55,,,
2016-07-29,0.86,11.01,10.16,,,
2016-08-01,10.55,18.94,8.39,,,
2016-08-03,-1.68,12.76,14.44,,,
2016-08-04,-4.37,10.25,14.62,,,
2016-08-05,4.75,12.73,7.98,,,
2016-08-08,6.23,15.74,9.51,,,
2016-08-09,12.92,20.8,7.88,,,
2016-08-10,10.45,17.4,6.95,,,
2016-08-11,7.04,17.63,10.59,,,
2016-08-12,2.31,19.75,17.43,,,
2016-08-15,3.84,25.61,21.77,,,
2016-08-16,46.86,58.34,11.48,,,
2016-08-17,15.06,27.17,12.12,,,
2016-08-18,11.72,22.44,10.72,,,
2016-08-19,3.56,14.91,11.35,,,
2016-08-22,-0.92,12.06,12.98,,,
2016-08-23,1.75,14.26,12.5,,,
2016-08-24,2.26,11.46,9.2,,,
2016-08-25,3.38,17.72,14.34,,,
2016-08-26,1.97,12.4,10.43,,,
2016-08-29,-0.34,15.79,16.13,,,
2016-08-30,9.03,30.18,21.14,,,
2016-08-31,2.79,13.99,11.19,,,
2016-09-01,1.2,12.01,10.82,,,
2016-09-02,-1.83,14.39,16.23,,,
2016-09-05,14.71,23.06,8.35,,,
2016-09-06,8.81,18.95,10.14,,,
2016-09-07,4.84,18.61,13.77,,,
2016-09-08,9.53,17.46,7.93,,,
2016-09-09,-3.5,19.79,23.29,,,
2016-09-12,-25.79,13.99,39.78,,,
2016-09-13,-3.38,15.39,18.77,,,
2016-09-14,-11.68,12.69,24.37,,,
2016-09-19,-8.27,13.84,22.11,,,
2016-09-20,-8.53,12.64,21.16,,,
2016-09-21,-2.55,14.01,16.56,,,
2016-09-22,10.43,24.02,13.59,,,
2016-09-23,5.48,17.78,12.3,,,
2016-09-26,-3.78,16.61,20.39,,,
2016-09-27,-3.36,11.44,14.8,,,
2016-09-28,-1.65,7.8,9.44,,,
2016-09-29,5.63,12.5,6.87,,,
2016-10-11,9.76,30.36,20.61,,,
2016-10-12,-5.75,11.84,17.59,,,
2016-10-13,-5.31,11.59,16.9,,,
2016-10-14,9.39,19.07,9.68,,,
2016-10-17,-1.75,13.14,14.89,,,
2016-10-18,6.52,18.66,12.15,,,
2016-10-19,3.91,12.49,8.58,,,
2016-10-20,3.67,10.59,6.92,,,
2016-10-24,7.56,25.33,17.77,,,
2016-10-25,9.15,23.13,13.99,,,
2016-10-26,2.34,14.83,12.49,,,
2016-10-27,-5.77,10.77,16.54,,,
2016-10-28,2.55,19.17,16.62,,,
2016-10-31,1.45,14.9,13.46,,,
2016-11-01,4.09,14.95,10.87,,,
2016-11-02,-9.78,11.7,21.48,,,
2016-11-03,-4.03,13.71,17.74,,,
2016-11-04,-1.87,12.89,14.77,,,
2016-11-07,0.72,11.0,10.28,,,
2016-11-08,3.21,17.41,14.2,,,
2016-11-09,-40.41,16.23,56.65,,,
2016-11-10,15.38,26.3,10.91,,,
2016-11-11,-6.67,20.5,27.16,,,
2016-11-14,-2.0,23.73,25.73,,,
2016-11-15,0.12,15.03,14.92,,,
2016-11-16,7.0,18.07,11.08,,,
2016-11-17,-0.29,12.65,12.93,,,
2016-11-18,-0.64,10.39,11.03,,,
2016-11-21,1.13,15.34,14.21,,,
2016-11-22,13.25,25.99,12.74,,,
2016-11-23,11.3,26.78,15.48,,,
2016-11-24,8.85,22.59,13.74,,,
2016-11-25,17.1,29.1,12.0,,,
2016-11-28,13.96,33.41,19.45,,,
2016-11-29,9.85,38.44,28.59,,,
2016-11-30,11.02,29.76,18.74,,,
2016-12-01,9.41,27.84,18.43,,,
2016-12-02,-15.39,24.73,40.12,,,
2016-12-05,-14.88,26.56,41.44,26.69,26.69,0.0
2016-12-06,-4.74,20.3,25.03,18.58,20.33,1.75
2016-12-07,1.12,19.16,18.04,17.25,18.09,0.84
2016-12-08,6.12,26.89,20.78,16.77,18.1,1.33
2016-12-09,-4.01,34.37,38.37,3.64,19.88,16.24
2016-12-12,-2.36,26.06,28.42,11.95,15.45,3.51
2016-12-13,3.17,19.62,16.45,12.07,14.54,2.46
2016-12-14,0.52,21.48,20.96,8.42,11.18,2.76
2016-12-15,-2.48,20.69,23.17,7.06,11.48,4.42
2016-12-16,2.63,23.5,20.87,8.77,11.73,2.96
2016-12-19,-10.32,10.91,21.22,3.91,6.24,2.33
2016-12-20,-26.89,11.0,37.89,1.34,5.29,3.95
2016-12-21,-1.84,13.06,14.91,3.38,5.06,1.68
2016-12-22,-8.91,8.89,17.8,3.67,5.62,1.95
2016-12-28,-8.81,11.8,20.61,3.39,6.53,3.14
2016-12-29,-4.05,11.3,15.35,2.83,4.98,2.15
2016-12-30,-2.78,9.63,12.41,1.97,5.6,3.63
2017-01-03,-6.55,12.29,18.84,5.99,8.75,2.77
2017-01-04,-14.13,14.72,28.85,5.83,10.54,4.7
2017-01-05,-10.02,15.41,25.43,6.1,10.09,3.99
2017-01-06,-21.93,11.29,33.22,6.23,9.59,3.36
2017-01-09,-9.17,12.99,22.16,8.52,11.39,2.87
2017-01-10,-6.35,10.68,17.04,8.9,12.24,3.34
2017-01-11,7.93,19.4,11.47,8.93,12.52,3.59
2017-01-12,6.46,17.63,11.17,5.83,9.07,3.24
2017-01-13,5.97,21.18,15.21,6.08,10.47,4.38
2017-01-16,-13.3,19.93,33.24,5.22,11.55,6.33
2017-01-17,5.09,17.52,12.43,5.46,9.83,4.38
2017-01-18,8.05,21.79,13.74,5.86,10.34,4.48
2017-01-19,2.87,15.58,12.71,7.77,11.48,3.71
2017-01-20,8.59,17.2,8.61,8.18,11.45,3.26
2017-01-23,6.56,17.14,10.58,7.43,10.94,3.51
2017-01-24,6.76,17.65,10.89,6.89,10.57,3.68
2017-01-25,-0.88,12.99,13.87,2.63,6.57,3.94
2017-01-26,4.11,14.53,10.42,4.5,7.24,2.74
2017-02-03,6.27,18.84,12.57,6.82,10.36,3.54
2017-02-06,20.67,31.51,10.85,7.1,10.84,3.74
2017-02-07,9.93,24.22,14.28,6.39,11.15,4.76
2017-02-08,4.88,17.76,12.88,7.31,11.24,3.93
2017-02-09,16.35,30.31,13.95,2.36,9.0,6.63
2017-02-10,10.26,25.18,14.92,5.95,12.74,6.79
2017-02-13,12.45,30.75,18.3,4.53,12.28,7.75
2017-02-14,8.18,23.38,15.2,5.28,11.28,6.0
2017-02-15,18.09,34.43,16.34,4.99,13.68,8.69
2017-02-16,10.44,22.2,11.76,8.21,13.62,5.4
2017-02-17,1.79,16.73,14.94,10.41,16.43,6.02
2017-02-20,11.87,23.07,11.2,6.46,13.12,6.66
2017-02-21,5.18,19.46,14.28,7.96,14.72,6.76
2017-02-22,3.43,18.06,14.63,7.34,13.15,5.81
2017-02-23,3.76,18.24,14.48,10.38,16.4,6.02
2017-02-24,3.1,16.53,13.43,4.62,11.17,6.56
2017-02-27,0.47,19.99,19.51,3.28,12.14,8.87
2017-02-28,-0.94,14.21,15.15,2.44,10.09,7.65
2017-03-01,3.48,15.68,12.2,5.45,12.84,7.39
2017-03-02,-1.45,18.26,19.71,5.37,15.49,10.13
2017-03-03,-3.45,17.05,20.5,4.73,14.44,9.71
2017-03-06,-3.5,14.02,17.52,6.07,14.94,8.87
2017-03-07,-4.55,15.93,20.48,7.58,17.27,9.69
2017-03-08,-3.61,16.59,20.2,4.21,12.6,8.38
2017-03-09,-21.31,12.96,34.27,2.19,12.42,10.23
2017-03-10,-16.57,14.09,30.66,8.15,16.37,8.22
2017-03-13,-1.62,17.24,18.86,8.81,19.12,10.31
2017-03-14,-8.95,15.24,24.18,-0.97,12.22,13.2
2017-03-15,-3.37,16.23,19.61,6.93,17.36,10.43
2017-03-16,12.08,23.94,11.85,5.71,14.12,8.41
2017-03-17,10.24,33.43,23.19,1.81,17.45,15.64
2017-03-20,13.78,29.0,15.22,1.89,13.16,11.27
2017-03-21,7.81,28.82,21.01,0.93,13.5,12.57
2017-03-22,-0.47,20.8,21.27,5.73,17.07,11.34
2017-03-23,7.76,26.87,19.11,9.12,20.16,11.04
2017-03-24,10.72,30.66,19.94,6.54,18.47,11.94
2017-03-27,-1.55,24.72,26.26,4.73,16.9,12.18
2017-03-28,6.04,25.01,18.97,2.77,13.31,10.54
2017-03-29,1.78,21.12,19.34,0.88,12.85,11.97
2017-03-30,10.53,28.78,18.25,1.27,15.35,14.08
2017-03-31,-1.99,19.33,21.32,-0.01,12.52,12.53
2017-04-05,4.34,38.64,34.3,9.65,22.71,13.05
2017-04-06,-1.29,25.44,26.73,1.26,15.07,13.8
2017-04-07,-0.88,22.46,23.34,5.37,16.73,11.36
2017-04-10,-0.2,21.91,22.12,7.6,20.47,12.86
2017-04-11,-7.19,24.15,31.33,2.43,18.12,15.68
2017-04-12,-5.18,24.04,29.22,1.63,17.61,15.98
2017-04-18,-5.79,30.95,36.74,6.04,23.15,17.12
2017-04-19,3.22,28.22,25.0,7.29,19.13,11.84
2017-04-20,8.44,30.57,22.12,7.88,21.14,13.25
2017-04-21,0.28,22.39,22.11,6.07,16.74,10.67
2017-04-24,-0.18,22.89,23.06,3.73,17.15,13.42
2017-04-25,6.91,26.97,20.06,7.18,21.17,13.99
2017-04-26,2.73,26.48,23.75,6.87,20.58,13.71
2017-04-27,-0.3,27.47,27.77,5.52,22.11,16.59
2017-04-28,7.53,28.67,21.14,9.19,22.2,13.0
2017-05-04,-5.7,29.78,35.49,16.15,32.1,15.95
2017-05-05,-8.1,21.87,29.97,5.46,19.62,14.16
2017-05-08,-5.99,20.29,26.29,8.19,20.57,12.38
2017-05-09,10.72,23.91,13.19,10.6,20.89,10.28
2017-05-10,10.87,25.3,14.43,10.38,23.09,12.71
2017-05-11,13.27,32.24,18.97,9.18,22.64,13.46
2017-05-12,-4.59,20.7,25.29,5.66,18.18,12.52
2017-05-15,8.34,28.19,19.85,8.16,19.29,11.13
2017-05-16,15.81,32.67,16.86,14.2,26.56,12.36
2017-05-17,5.6,21.65,16.06,9.33,22.12,12.78
2017-05-18,1.33,17.9,16.57,8.27,21.69,13.42
2017-05-19,3.15,17.63,14.48,9.55,20.51,10.96
2017-05-22,0.36,18.22,17.86,5.29,17.61,12.32
2017-05-23,-3.48,28.45,31.93,6.26,19.43,13.17
2017-05-24,2.69,22.5,19.81,7.82,19.08,11.25
2017-05-25,9.68,32.34,22.66,5.39,17.79,12.4
2017-05-26,-3.38,23.68,27.05,3.22,19.35,16.13
2017-05-31,-13.85,22.66,36.51,-2.42,16.66,19.08
2017-06-01,-19.35,22.73,42.08,2.39,19.04,16.66
2017-06-02,5.97,23.72,17.75,9.66,20.23,10.57
2017-06-05,8.09,24.62,16.53,9.93,20.43,10.5
2017-06-06,8.34,22.4,14.06,11.87,21.99,10.12
2017-06-07,5.12,25.55,20.43,17.43,32.08,14.65
2017-06-08,9.62,28.22,18.6,13.27,26.31,13.05
2017-06-09,8.22,36.15,27.93,5.03,24.89,19.86
2017-06-12,-10.81,20.15,30.96,0.21,21.21,21.0
2017-06-13,-1.66,20.27,21.93,6.48,22.26,15.78
2017-06-14,-10.36,18.62,28.98,-2.88,16.09,18.97
2017-06-15,13.87,32.9,19.03,8.37,23.32,14.94
2017-06-16,5.3,26.81,21.51,4.45,24.08,19.63
2017-06-19,11.37,27.14,15.77,11.51,23.38,11.87
2017-06-20,-1.42,17.24,18.66,4.53,17.66,13.12
2017-06-21,3.88,27.15,23.28,9.85,22.56,12.71
2017-06-22,4.45,31.64,27.18,12.43,30.15,17.72
2017-06-23,4.77,26.13,21.36,9.28,25.02,15.74
2017-06-26,-3.06,28.66,31.72,4.41,21.82,17.41
2017-06-27,19.45,43.83,24.38,7.03,22.55,15.52
2017-06-28,-7.51,18.28,25.79,3.53,26.77,23.25
2017-06-29,20.72,40.63,19.91,9.24,23.63,14.39
2017-06-30,-10.31,16.98,27.29,-1.51,13.96,15.47
2017-07-03,1.43,19.07,17.64,2.65,14.75,12.1
2017-07-04,-3.61,17.93,21.54,-2.39,15.73,18.12
2017-07-05,2.87,18.05,15.17,2.81,15.18,12.37
2017-07-06,-8.43,19.04,27.47,-2.28,15.64,17.92
2017-07-07,-1.8,17.99,19.79,4.44,15.96,11.52
2017-07-10,0.75,18.9,18.15,8.2,21.06,12.86
2017-07-11,1.18,23.02,21.83,7.02,20.07,13.05
2017-07-12,5.49,27.46,21.97,9.53,23.41,13.87
2017-07-13,7.51,30.75,23.24,6.0,20.02,14.02
2017-07-14,-1.43,22.97,24.4,1.96,14.82,12.86
2017-07-17,0.18,35.14,34.96,13.31,29.28,15.97
2017-07-18,10.84,36.84,26.0,9.17,25.66,16.49
2017-07-19,7.02,30.46,23.43,10.5,24.87,14.37
2017-07-20,-2.31,25.17,27.47,3.58,18.48,14.9
2017-07-21,3.32,26.17,22.85,11.93,21.74,9.82
2017-07-24,1.45,25.17,23.72,14.45,26.49,12.05
2017-07-25,-0.21,21.44,21.65,12.56,25.35,12.79
2017-07-26,12.28,36.73,24.46,5.47,23.86,18.39
2017-07-27,14.61,34.55,19.94,12.11,24.63,12.52
2017-07-28,14.11,29.37,15.26,8.96,22.39,13.43
2017-07-31,8.88,26.32,17.44,10.01,22.26,12.26
2017-08-01,8.97,30.28,21.31,5.92,18.61,12.69
2017-08-02,1.24,34.51,33.26,1.56,20.18,18.63
2017-08-03,12.83,34.19,21.35,10.65,25.35,14.7
2017-08-04,20.15,38.08,17.93,7.98,22.21,14.23
2017-08-07,15.52,33.85,18.33,12.36,24.4,12.04
2017-08-08,10.12,27.06,16.94,8.09,20.64,12.55
2017-08-09,7.01,25.83,18.83,5.15,18.59,13.44
2017-08-10,-4.91,27.49,32.4,2.12,19.9,17.78
2017-08-11,-7.78,32.2,39.98,-1.27,19.88,21.14
2017-08-14,-2.63,25.29,27.93,4.88,21.99,17.11
2017-08-15,-2.65,21.81,24.47,1.87,19.11,17.24
2017-08-16,1.49,18.16,16.67,6.64,23.82,17.18
2017-08-17,-0.73,20.13,20.85,7.07,22.91,15.84
2017-08-18,-0.1,20.6,20.7,-10.61,19.24,29.85
2017-08-21,-2.7,20.7,23.4,3.41,21.49,18.08
2017-08-22,-2.45,19.42,21.87,2.64,22.14,19.5
2017-08-24,7.12,30.31,23.19,5.29,23.94,18.65
2017-08-25,16.48,37.07,20.58,13.95,32.39,18.44
2017-08-28,18.5,46.15,27.65,19.21,37.48,18.27
2017-08-29,8.5,34.87,26.37,8.72,25.1,16.39
2017-08-30,22.36,49.47,27.12,10.52,26.14,15.62
2017-08-31,11.36,37.85,26.49,6.42,27.68,21.26
2017-09-01,21.62,44.79,23.17,20.17,37.13,16.96
2017-09-04,5.02,33.89,28.87,12.18,31.81,19.63
2017-09-05,1.08,28.55,27.47,8.32,24.73,16.41
2017-09-06,0.33,26.1,25.78,1.3,21.12,19.82
2017-09-07,1.69,26.75,25.06,7.62,28.09,20.46
2017-09-08,-3.04,28.63,31.67,7.34,28.0,20.66
2017-09-11,17.49,40.3,22.81,2.58,23.88,21.3
2017-09-12,17.61,39.57,21.96,7.08,32.21,25.14
2017-09-13,-3.4,23.46,26.86,5.75,24.45,18.7
2017-09-14,-2.95,27.8,30.75,3.42,23.16,19.74
2017-09-15,1.16,30.96,29.8,-3.03,28.08,31.11
2017-09-18,25.25,48.34,23.09,18.62,36.03,17.4
2017-09-19,-1.54,28.12,29.66,2.92,28.33,25.41
2017-09-20,9.11,35.61,26.5,10.95,30.76,19.81
2017-09-21,8.26,35.83,27.57,3.72,28.31,24.59
2017-09-22,-4.85,22.88,27.72,9.69,29.01,19.31
2017-09-25,-18.81,22.28,41.09,1.12,25.8,24.68
2017-09-26,-1.41,25.5,26.9,1.69,23.49,21.8
2017-09-27,-1.96,21.51,23.47,8.44,24.25,15.81
2017-09-28,-1.93,23.54,25.48,-1.81,17.98,19.79
2017-09-29,3.97,22.03,18.06,7.32,24.83,17.51
2017-10-09,46.75,71.39,24.64,28.89,51.6,22.71
2017-10-10,23.94,55.73,31.79,16.93,38.39,21.46
2017-10-11,5.39,33.81,28.43,10.57,41.59,31.01
2017-10-12,-4.64,27.31,31.95,8.23,26.98,18.76
2017-10-13,-7.13,23.72,30.85,9.86,28.89,19.03
2017-10-16,3.07,35.74,32.67,10.99,37.34,26.34
2017-10-17,1.58,29.93,28.35,15.28,37.94,22.66
2017-10-18,-7.3,29.04,36.34,1.58,25.86,24.28
2017-10-19,-1.48,45.22,46.7,1.14,30.32,29.18
2017-10-20,-2.0,29.01,31.01,0.31,27.65,27.34
2017-10-23,-12.39,25.39,37.78,-2.49,25.45,27.93
2017-10-24,-22.57,30.27,52.84,-10.13,25.4,35.53
2017-10-25,2.07,35.39,33.33,2.57,27.84,25.27
2017-10-26,13.42,54.81,41.39,1.82,37.65,35.83
2017-10-27,-0.9,43.88,44.78,1.67,30.57,28.9
2017-10-30,-13.39,46.68,60.07,1.73,35.04,33.31
2017-10-31,-11.47,34.87,46.34,6.32,36.35,30.03
2017-11-01,15.47,46.82,31.35,10.02,35.71,25.69
2017-11-02,8.1,41.01,32.9,7.07,29.99,22.92
2017-11-03,-2.56,38.01,40.58,4.47,32.82,28.35
2017-11-06,-1.09,32.72,33.81,5.93,38.99,33.06
2017-11-07,9.09,49.71,40.62,6.14,40.62,34.48
2017-11-08,10.28,51.23,40.95,8.41,41.6,33.18
2017-11-09,16.78,48.65,31.86,13.05,39.99,26.94
2017-11-10,1.13,46.47,45.34,1.18,35.33,34.15
2017-11-13,1.09,47.32,46.24,4.66,39.95,35.29
2017-11-14,-0.68,42.79,43.47,3.97,41.02,37.05
2017-11-15,-12.67,38.41,51.08,-8.9,35.95,44.85
2017-11-16,-0.65,33.2,33.85,4.91,36.68,31.76
2017-11-17,-24.44,55.21,79.65,8.95,47.22,38.27
2017-11-20,-16.13,49.56,65.69,6.76,46.91,40.15
2017-11-21,-5.16,55.8,60.95,-1.85,42.85,44.7
2017-11-22,3.15,61.7,58.55,0.88,37.51,36.64
2017-11-23,20.12,81.66,61.54,-1.25,45.11,46.36
2017-11-24,8.49,64.08,55.59,-0.42,44.76,45.18
2017-11-27,-7.97,48.7,56.67,-6.37,34.15,40.52
2017-11-28,20.14,52.75,32.61,12.82,37.19,24.38
2017-11-29,9.35,51.45,42.1,3.59,36.58,32.99
2017-11-30,-2.53,43.42,45.95,-7.27,28.89,36.16
2017-12-01,11.73,47.89,36.16,20.7,42.71,22.0
2017-12-04,-3.68,38.26,41.94,2.21,35.39,33.17
2017-12-05,-27.47,41.46,68.93,-4.84,30.38,35.22
2017-12-06,-38.63,34.77,73.39,-0.72,40.18,40.9
2017-12-07,-8.82,37.46,46.28,-6.68,29.87,36.55
2017-12-08,27.56,58.22,30.67,8.82,39.85,31.03
2017-12-11,9.99,43.85,33.86,5.28,36.57,31.29
2017-12-12,-5.26,31.09,36.35,-2.09,26.59,28.68
2017-12-13,20.67,45.65,24.98,8.14,30.12,21.98
2017-12-14,2.02,31.81,29.79,4.17,29.99,25.82
2017-12-15,-11.63,37.67,49.31,-15.0,23.79,38.79
2017-12-18,15.04,37.48,22.44,3.67,25.12,21.45
2017-12-19,8.49,33.17,24.68,7.36,27.12,19.77
2017-12-20,-5.86,30.67,36.53,-3.48,23.01,26.49
2017-12-21,6.87,34.62,27.75,5.65,28.32,22.66
2017-12-27,7.52,47.7,40.18,0.81,32.81,32.01
2017-12-28,14.39,45.41,31.02,13.47,38.94,25.46
2017-12-29,8.11,32.0,23.89,7.15,26.92,19.77
2018-01-02,20.01,47.48,27.47,13.56,35.65,22.09
2018-01-03,25.95,62.07,36.12,18.36,46.52,28.17
2018-01-04,27.22,62.7,35.47,16.19,41.7,25.51
2018-01-05,9.29,44.75,35.45,14.82,41.45,26.63
2018-01-08,6.33,49.31,42.97,10.77,41.5,30.73
2018-01-09,13.6,50.31,36.71,14.82,41.24,26.42
2018-01-10,13.31,56.73,43.41,2.18,36.38,34.21
2018-01-11,-1.6,43.98,45.57,2.33,34.82,32.49
2018-01-12,15.05,43.61,28.56,6.15,34.03,27.88
2018-01-15,-17.06,48.6,65.66,-0.53,38.3,38.83
2018-01-16,8.03,64.63,56.6,14.9,46.07,31.17
2018-01-17,-4.05,78.37,82.42,-4.23,45.98,50.21
2018-01-18,12.51,66.95,54.44,5.56,39.25,33.69
2018-01-19,2.54,61.05,58.51,7.92,40.26,32.33
2018-01-22,10.5,65.98,55.48,11.21,45.11,33.9
2018-01-23,24.21,84.65,60.44,2.45,45.83,43.38
2018-01-24,-6.97,62.76,69.74,8.2,47.59,39.39
2018-01-25,13.04,67.15,54.11,9.2,47.93,38.73
2018-01-26,19.57,68.2,48.63,10.47,40.78,30.31
2018-01-29,-4.78,64.17,68.95,-3.47,44.83,48.3
2018-01-30,-2.37,60.0,62.37,6.44,43.49,37.05
2018-01-31,-3.41,53.46,56.88,2.86,42.86,40.0
2018-02-01,-8.81,69.08,77.89,11.52,54.46,42.93
2018-02-02,-12.53,59.68,72.21,11.02,50.47,39.45
2018-02-05,-35.52,56.69,92.21,0.89,46.39,45.49
2018-02-06,-74.33,70.01,144.33,-23.6,49.88,73.48
2018-02-07,-2.11,96.17,98.28,19.28,70.14,50.86
2018-02-08,12.3,82.05,69.74,16.45,59.69,43.24
2018-02-09,-21.07,82.59,103.66,-5.01,53.88,58.89
2018-02-12,-13.05,58.1,71.15,0.46,46.35,45.88
2018-02-13,-0.12,50.91,51.02,-8.67,31.19,39.86
2018-02-14,3.94,35.5,31.56,7.61,27.39,19.78
2018-02-22,10.47,56.39,45.92,13.24,45.86,32.62
2018-02-23,11.86,48.93,37.07,5.94,32.05,26.12
2018-02-26,20.45,52.67,32.23,11.65,42.34,30.69
2018-02-27,16.48,62.64,46.16,9.52,50.94,41.41
2018-02-28,-6.6,41.51,48.11,2.05,46.9,44.85
2018-03-01,4.49,46.11,41.62,7.69,41.96,34.27
2018-03-02,-8.76,35.32,44.07,-1.84,37.58,39.42
2018-03-05,-12.74,35.15,47.9,-1.02,32.76,33.78
2018-03-06,6.36,51.48,45.12,3.44,41.98,38.54
2018-03-07,-17.44,38.29,55.73,-8.22,29.52,37.74
2018-03-08,20.38,48.0,27.62,7.88,36.8,28.92
2018-03-09,10.12,40.42,30.31,3.91,40.94,37.03
2018-03-12,18.64,58.52,39.88,5.04,44.14,39.1
2018-03-13,13.02,49.69,36.67,0.58,38.6,38.02
2018-03-14,3.38,38.48,35.1,2.53,36.2,33.67
2018-03-15,9.54,46.84,37.3,4.24,40.2,35.96
2018-03-16,-12.4,45.42,57.82,-9.45,41.47,50.92
2018-03-19,4.21,40.8,36.59,4.64,31.99,27.36
2018-03-20,-5.76,37.55,43.31,-2.96,32.93,35.89
2018-03-21,-1.96,45.79,47.75,7.34,39.46,32.12
2018-03-22,1.27,45.16,43.89,2.45,37.15,34.71
2018-03-23,-14.09,59.98,74.07,-3.37,53.8,57.17
2018-03-26,20.23,68.79,48.56,18.17,52.31,34.15
2018-03-27,16.33,62.44,46.12,-5.74,47.76,53.49
2018-03-28,8.87,65.68,56.81,-1.85,46.52,48.37
2018-04-03,23.95,77.04,53.09,5.12,55.47,50.35
2018-04-04,7.87,54.26,46.39,6.25,42.95,36.7
2018-04-09,23.4,66.41,43.01,9.35,41.87,32.52
2018-04-10,25.43,67.73,42.3,8.02,44.14,36.12
2018-04-11,1.86,49.45,47.6,7.55,48.56,41.01
2018-04-12,14.92,47.77,32.85,13.39,40.64,27.25
2018-04-13,9.46,45.31,35.85,13.56,41.16,27.6
2018-04-16,13.43,56.48,43.05,12.64,50.8,38.16
2018-04-17,11.12,58.07,46.95,-4.24,47.2,51.44
2018-04-18,39.83,88.64,48.81,32.39,75.12,42.73
2018-04-19,34.5,68.78,34.27,18.16,55.27,37.11
2018-04-20,-8.12,45.11,53.23,-3.48,40.42,43.9
2018-04-23,14.04,57.87,43.83,9.3,48.89,39.6
2018-04-24,23.75,68.25,44.5,15.25,53.04,37.79
2018-04-25,10.28,44.0,33.72,3.51,39.74,36.23
2018-04-26,1.32,53.27,51.96,-32.31,47.14,79.46
2018-04-27,27.56,86.83,59.27,-2.53,62.75,65.28
2018-05-02,23.21,72.51,49.3,22.49,64.86,42.37
2018-05-03,4.8,53.67,48.87,-0.73,44.9,45.63
2018-05-04,-4.84,40.04,44.88,-8.5,31.14,39.63
2018-05-07,16.28,57.71,41.43,10.81,47.03,36.23
2018-05-08,14.12,53.88,39.77,5.29,44.36,39.07
2018-05-09,7.89,39.35,31.46,13.97,39.03,25.06
2018-05-10,17.6,48.14,30.54,12.49,42.84,30.35
2018-05-11,21.07,55.9,34.82,4.42,40.25,35.83
2018-05-14,33.99,67.86,33.87,22.87,56.81,33.94
2018-05-15,14.81,53.75,38.94,21.51,52.83,31.32
2018-05-16,1.98,44.88,42.9,9.09,46.92,37.83
2018-05-17,12.88,44.05,31.17,9.92,37.79,27.87
2018-05-18,23.57,57.04,33.47,10.81,38.07,27.26
2018-05-23,8.12,64.08,55.96,14.19,55.68,41.49
2018-05-24,7.27,45.76,38.49,13.22,45.51,32.29
2018-05-25,14.43,51.19,36.76,5.91,43.95,38.04
2018-05-28,22.19,56.73,34.53,16.53,51.83,35.3
2018-05-29,2.36,53.77,51.41,12.3,51.5,39.2
2018-05-30,-3.78,57.85,61.63,16.48,58.67,42.19
2018-05-31,29.99,125.9,95.91,27.48,76.28,48.8
2018-06-01,14.89,60.69,45.81,7.04,49.83,42.79
2018-06-04,34.7,82.67,47.96,25.62,63.91,38.29
2018-06-05,11.42,66.11,54.69,25.94,60.89,34.95
2018-06-06,16.37,60.36,43.99,10.23,46.87,36.64
2018-06-07,23.78,69.5,45.72,17.64,50.89,33.25
2018-06-08,-11.39,74.79,86.18,12.82,63.59,50.77
2018-06-11,28.92,73.56,44.64,13.7,55.23,41.53
2018-06-12,9.73,62.75,53.02,15.19,56.88,41.69
2018-06-13,7.25,58.34,51.09,6.92,44.1,37.18
2018-06-14,18.58,69.3,50.71,9.48,44.42,34.94
2018-06-15,20.91,84.23,63.32,5.37,46.69,41.32
2018-06-19,-20.43,107.39,127.83,-0.68,63.29,63.97
2018-06-20,-3.19,66.42,69.62,10.73,50.98,40.25
2018-06-21,3.85,79.76,75.91,-12.96,44.33,57.28
2018-06-22,-1.69,53.96,55.65,2.8,44.2,41.4
2018-06-25,-24.14,51.32,75.46,-13.66,36.33,49.99
2018-06-26,15.19,79.07,63.89,8.45,55.0,46.55
2018-06-27,-0.41,69.45,69.86,-12.09,42.56,54.65
2018-06-28,21.94,92.66,70.73,-13.89,45.56,59.45
2018-07-03,16.24,108.89,92.66,-12.8,63.79,76.59
2018-07-04,-3.71,49.98,53.69,-10.61,41.65,52.27
2018-07-05,17.5,68.31,50.81,5.16,47.58,42.42
2018-07-06,26.71,81.57,54.85,17.14,61.7,44.55
2018-07-09,23.62,62.6,38.98,10.69,47.76,37.06
2018-07-10,4.1,48.81,44.72,1.99,41.48,39.48
2018-07-11,1.54,47.04,45.5,-4.08,39.12,43.19
2018-07-12,15.83,62.48,46.65,2.1,45.08,42.98
2018-07-13,4.93,47.17,42.25,5.96,44.89,38.93
2018-07-16,-5.41,38.32,43.73,4.42,41.44,37.02
2018-07-17,-1.73,37.54,39.27,-4.6,32.81,37.41
2018-07-18,0.57,41.67,41.09,-1.62,31.59,33.21
2018-07-19,17.39,52.23,34.84,7.0,41.16,34.16
2018-07-20,5.03,62.14,57.11,16.33,56.26,39.93
2018-07-23,-3.66,63.53,67.2,2.28,46.5,44.23
2018-07-24,16.42,80.52,64.1,9.92,57.4,47.48
2018-07-25,13.71,58.52,44.81,2.47,41.07,38.6
2018-07-26,10.06,52.91,42.86,-6.12,40.66,46.78
2018-07-27,20.83,55.15,34.32,4.74,38.34,33.6
2018-07-30,22.96,70.89,47.93,0.54,43.57,43.03
2018-07-31,18.32,59.63,41.31,12.61,46.31,33.7
2018-08-01,4.67,56.05,51.38,4.71,46.47,41.75
2018-08-02,7.32,77.1,69.79,-3.69,63.93,67.61
2018-08-03,-5.25,53.11,58.36,10.36,59.55,49.2
2018-08-06,14.26,66.01,51.75,16.38,61.03,44.66
2018-08-07,20.07,72.48,52.4,9.78,52.58,42.8
2018-08-08,8.97,65.6,56.63,7.61,54.62,47.01
2018-08-09,33.64,82.8,49.16,18.51,58.86,40.35
2018-08-10,-2.35,50.96,53.31,2.89,40.33,37.44
2018-08-13,-1.5,45.06,46.57,-4.28,37.14,41.41
2018-08-14,-3.31,42.85,46.16,-10.08,34.26,44.35
2018-08-15,-8.6,46.04,54.64,-6.67,37.65,44.32
2018-08-16,14.4,74.21,59.81,7.32,48.26,40.94
2018-08-17,-0.32,50.03,50.35,3.99,43.68,39.69
2018-08-20,39.03,80.68,41.65,17.53,54.13,36.6
2018-08-21,16.99,61.11,44.11,11.15,49.33,38.18
2018-08-22,18.14,51.7,33.56,1.89,30.96,29.06
2018-08-23,7.57,55.03,47.45,5.03,39.04,34.01
2018-08-24,-3.17,37.67,40.84,1.4,35.61,34.21
2018-08-27,6.89,68.28,61.39,14.78,53.27,38.49
2018-08-28,5.05,48.79,43.74,9.26,45.14,35.89
2018-08-29,16.84,49.26,32.42,3.48,35.74,32.25
2018-08-30,3.89,52.56,48.67,2.27,41.52,39.25
2018-08-31,25.92,119.15,93.23,11.75,58.28,46.53
2018-09-03,-2.54,43.09,45.63,5.25,40.62,35.37
2018-09-04,9.36,48.58,39.22,4.15,38.12,33.97
2018-09-05,-24.22,37.09,61.31,-6.87,36.03,42.9
2018-09-06,9.66,50.57,40.9,-0.8,39.82,40.62
2018-09-07,-0.81,49.82,50.63,-1.73,41.15,42.88
2018-09-10,-3.41,39.15,42.56,-2.63,35.3,37.93
2018-09-11,-4.63,50.34,54.97,4.21,37.96,33.75
2018-09-12,-8.27,42.86,51.12,-2.19,32.75,34.94
2018-09-13,21.11,63.08,41.97,6.29,42.12,35.84
2018-09-14,15.46,53.09,37.63,12.62,43.69,31.07
2018-09-17,-1.29,35.45,36.74,8.2,33.71,25.5
2018-09-18,15.72,60.55,44.82,3.45,38.99,35.54
2018-09-19,6.72,57.01,50.29,1.05,44.12,43.07
2018-09-20,35.16,70.37,35.21,12.84,42.36,29.51
2018-09-26,13.37,106.97,93.6,5.41,61.61,56.2
2018-09-27,25.59,76.65,51.06,3.3,43.06,39.76
2018-09-28,6.14,60.07,53.94,10.13,41.54,31.41
2018-10-08,-73.91,62.28,136.19,-23.25,41.92,65.17
2018-10-09,-23.37,53.14,76.52,-7.42,39.04,46.46
2018-10-10,-12.21,49.47,61.68,-3.91,35.4,39.31
2018-10-11,-22.49,85.35,107.84,-13.83,52.29,66.12
2018-10-12,5.38,68.19,62.8,5.34,56.47,51.13
2018-10-15,-14.03,49.34,63.37,2.99,43.63,40.64
2018-10-18,-8.58,88.48,97.06,2.25,52.01,49.77
2018-10-19,34.49,123.56,89.07,8.73,60.08,51.35
2018-10-22,-9.68,87.45,97.13,2.06,65.88,63.82
2018-10-23,1.99,79.13,77.14,-5.53,46.72,52.25
2018-10-24,21.14,90.31,69.16,-6.44,43.66,50.1
2018-10-25,-27.43,65.71,93.14,-8.59,41.97,50.56
2018-10-26,-8.82,66.69,75.51,-7.83,38.25,46.08
2018-10-29,26.41,91.03,64.62,1.48,52.01,50.54
2018-10-30,9.38,100.73,91.35,-7.09,56.27,63.35
2018-10-31,43.87,107.54,63.67,13.62,59.05,45.43
2018-11-01,55.96,120.92,64.95,28.86,77.75,48.89
2018-11-02,110.13,181.22,71.09,63.72,119.72,56.0
2018-11-05,4.78,75.79,71.01,4.6,64.66,60.06
2018-11-06,-7.65,58.63,66.28,-10.3,41.04,51.34
2018-11-07,16.17,71.69,55.52,4.12,46.79,42.67
2018-11-08,32.65,73.74,41.09,5.93,42.97,37.04
2018-11-09,-1.27,55.2,56.46,2.19,41.9,39.71
2018-11-12,6.83,55.72,48.89,4.21,49.24,45.04
2018-11-13,11.82,69.47,57.65,12.14,65.95,53.81
2018-11-14,-6.37,53.47,59.84,-2.59,41.2,43.79
2018-11-15,22.65,61.4,38.76,2.73,42.64,39.91
2018-11-16,8.7,65.41,56.71,11.26,54.65,43.39
2018-11-19,11.42,67.58,56.16,5.0,54.24,49.25
2018-11-20,-20.93,48.44,69.37,-9.71,47.06,56.77
2018-11-21,3.49,53.1,49.61,6.02,51.23,45.21
2018-11-22,-5.77,39.75,45.52,-0.98,37.14,38.12
2018-11-23,-3.0,45.6,48.6,-7.51,41.73,49.24
2018-11-26,16.26,53.71,37.45,7.67,36.76,29.09
2018-11-27,1.91,43.61,41.69,-0.46,36.85,37.31
2018-11-28,18.35,57.19,38.84,7.04,45.2,38.16
2018-11-29,13.2,58.15,44.95,-2.46,40.58,43.04
2018-11-30,36.02,79.44,43.42,12.32,51.77,39.44
2018-12-03,86.34,144.19,57.85,35.07,89.56,54.49
2018-12-04,32.66,83.49,50.83,10.25,53.52,43.26
2018-12-05,10.26,66.4,56.14,-1.35,48.06,49.41
2018-12-06,-26.38,55.6,81.98,-15.91,42.78,58.69
2018-12-07,-5.46,43.87,49.33,0.34,37.08,36.74
2018-12-10,-17.46,44.7,62.16,-0.24,41.27,41.51
2018-12-11,0.02,42.79,42.76,2.98,41.82,38.84
2018-12-12,11.74,41.29,29.55,0.92,35.81,34.89
2018-12-13,34.56,80.8,46.24,31.63,68.58,36.95
2018-12-14,-8.64,91.67,100.31,-8.44,55.67,64.1
2018-12-17,9.91,57.92,48.0,2.67,41.4,38.73
2018-12-18,-16.88,47.42,64.31,-13.24,33.32,46.56
2018-12-19,-2.93,41.82,44.75,-4.92,32.09,37.01
2018-12-20,-9.67,54.02,63.69,-2.13,35.77,37.9
2018-12-21,5.72,64.59,58.87,-7.64,40.8,48.45
2018-12-27,10.31,83.23,72.92,-4.97,42.43,47.4
2018-12-28,21.04,83.02,61.99,1.26,38.57,37.32
2019-01-02,5.92,76.66,70.74,-2.38,39.46,41.84
2019-01-03,6.06,56.19,50.13,1.74,40.59,38.85
2019-01-04,-5.0,62.47,67.47,7.37,47.87,40.5
2019-01-07,9.47,58.27,48.8,6.99,48.0,41.01
2019-01-08,10.21,52.06,41.86,3.95,42.32,38.37
2019-01-09,38.69,92.17,53.48,28.94,75.01,46.07
2019-01-10,8.03,65.77,57.74,8.36,51.11,42.75
2019-01-11,27.91,70.31,42.39,14.75,52.49,37.73
2019-01-14,-12.45,45.28,57.74,-4.39,38.14,42.53
2019-01-15,29.08,77.63,48.55,22.72,62.05,39.33
2019-01-16,20.36,61.69,41.34,4.92,46.59,41.68
2019-01-17,15.27,68.07,52.8,10.59,52.45,41.86
2019-01-18,51.36,99.38,48.02,32.85,73.53,40.68
2019-01-21,9.27,66.06,56.79,22.96,64.71,41.75
2019-01-22,-8.32,47.8,56.12,-5.61,41.85,47.47
2019-01-23,12.06,56.88,44.81,6.06,39.02,32.97
2019-01-24,14.01,64.99,50.98,10.45,46.76,36.31
2019-01-25,20.53,70.08,49.55,14.4,55.3,40.9
2019-01-28,21.76,80.22,58.46,27.65,70.7,43.06
2019-01-29,13.06,69.61,56.56,10.7,59.74,49.03
2019-01-30,0.03,63.13,63.11,9.92,57.88,47.96
2019-01-31,52.9,105.46,52.56,33.74,78.5,44.76
2019-02-01,27.52,79.29,51.76,27.94,73.21,45.27
2019-02-11,14.05,91.03,76.98,31.64,86.15,54.5
2019-02-12,25.14,88.86,63.72,28.12,83.24,55.12
2019-02-13,51.61,123.05,71.44,34.4,98.22,63.81
2019-02-14,30.8,98.24,67.43,26.01,88.32,62.31
2019-02-15,6.68,79.9,73.22,15.26,81.74,66.47
2019-02-18,21.49,98.5,77.01,26.39,89.7,63.3
2019-02-19,12.59,103.96,91.36,3.59,95.51,91.93
2019-02-20,29.33,98.34,69.01,18.25,89.25,71.0
2019-02-21,14.74,107.96,93.23,8.45,99.85,91.4
2019-02-22,35.9,111.7,75.8,24.09,96.38,72.29
2019-02-25,-25.31,176.15,201.47,18.15,157.15,139.0
2019-02-26,7.85,192.09,184.25,12.08,157.41,145.33
2019-02-27,29.01,182.47,153.46,19.75,133.51,113.76
2019-02-28,13.27,140.95,127.69,15.13,110.16,95.03
2019-03-01,10.27,147.31,137.04,19.93,116.04,96.11
2019-03-04,-8.16,199.82,207.98,43.56,192.78,149.22
2019-03-05,19.12,159.41,140.29,22.45,139.26,116.81
2019-03-06,-8.95,159.31,168.27,0.61,140.4,139.79
2019-03-07,-25.5,126.33,151.84,-14.2,115.48,129.68
2019-03-08,-22.78,153.0,175.78,10.5,163.6,153.1
2019-03-11,-8.07,124.77,132.84,-11.8,122.89,134.69
2019-03-12,7.36,163.7,156.34,2.62,149.73,147.11
2019-03-13,-5.05,150.62,155.67,-18.42,134.13,152.55
2019-03-14,10.97,144.38,133.4,12.36,132.2,119.84
2019-03-15,20.09,154.08,133.99,2.79,128.61,125.82
2019-03-18,32.66,189.18,156.52,1.22,133.74,132.52
2019-03-19,-0.22,135.79,136.01,-15.77,119.43,135.19
2019-03-20,8.94,134.26,125.33,-9.99,119.73,129.73
2019-03-21,-12.02,116.72,128.74,0.07,112.21,112.14
2019-03-22,-1.09,120.56,121.65,-12.48,106.53,119.01
2019-03-25,-75.16,106.25,181.41,-32.58,105.34,137.92
2019-03-26,9.96,121.22,111.25,-0.01,120.87,120.88
2019-03-27,1.79,115.19,113.4,-6.75,106.65,113.4
2019-03-28,-11.61,111.41,123.01,-4.02,111.26,115.28
2019-03-29,66.89,221.29,154.4,44.04,166.29,122.25
2019-04-01,2.62,201.99,199.37,28.56,184.19,155.63
2019-04-02,2.58,165.1,162.52,-4.19,142.79,146.98
2019-04-03,17.31,179.88,162.58,11.74,139.13,127.38
2019-04-04,-0.88,187.07,187.94,-13.65,145.12,158.76
2019-04-08,-20.57,200.18,220.75,-23.84,159.18,183.02
2019-04-09,4.28,165.58,161.3,-8.3,142.11,150.42
2019-04-10,-3.46,162.71,166.17,-30.06,155.96,186.02
2019-04-11,-17.82,157.83,175.65,-24.17,142.05,166.22
2019-04-12,-0.58,133.38,133.96,-4.49,123.29,127.78
2019-04-15,-9.56,154.61,164.17,-13.18,131.28,144.46
2019-04-16,18.19,186.07,167.88,16.14,155.83,139.69
2019-04-17,-2.77,147.03,149.8,-16.0,133.53,149.53
2019-04-23,-35.88,154.51,190.39,-29.09,150.99,180.08
2019-04-24,-22.87,119.88,142.75,-12.38,126.97,139.35
2019-04-25,-6.18,135.19,141.37,-10.88,128.95,139.83
2019-04-26,-18.47,150.6,169.07,8.05,146.93,138.89
2019-04-29,38.19,181.25,143.06,7.14,141.12,133.98
2019-04-30,-4.64,133.75,138.39,-0.83,123.01,123.84
2019-05-06,-34.24,210.01,244.26,-21.99,148.94,170.93
2019-05-07,-22.12,157.16,179.28,10.7,156.37,145.66
2019-05-08,-52.52,111.52,164.04,2.89,118.96,116.07
2019-05-09,-43.54,116.52,160.06,-13.27,107.56,120.83
2019-05-14,-71.62,120.85,192.47,-37.37,121.62,158.99
2019-05-15,3.4,122.39,118.99,5.67,110.64,104.97
2019-05-16,-25.96,108.36,134.32,-8.01,101.55,109.57
2019-05-17,-35.1,110.23,145.33,-21.01,111.22,132.23
2019-05-20,-14.78,113.93,128.71,-9.49,111.2,120.69
2019-05-21,-20.3,88.67,108.97,-16.55,89.56,106.11
2019-05-22,-12.24,89.06,101.3,-32.7,89.88,122.58
2019-05-23,-14.82,90.78,105.6,-26.32,85.74,112.06
2019-05-24,1.25,84.31,83.06,-17.43,79.9,97.33
2019-05-27,-11.14,97.88,109.02,-7.91,94.42,102.33
2019-05-28,46.77,261.39,214.62,8.9,152.99,144.09
2019-05-29,-27.79,82.39,110.18,-4.73,80.74,85.47
2019-05-30,0.59,96.85,96.25,-8.48,83.15,91.63
2019-05-31,-5.08,85.02,90.1,-0.41,82.12,82.53
2019-06-03,39.03,122.47,83.44,5.04,95.78,90.75
2019-06-04,11.39,99.62,88.24,-0.74,90.73,91.48
2019-06-05,22.76,104.96,82.2,7.82,91.36,83.54
2019-06-06,15.0,99.38,84.37,-4.22,79.29,83.5
2019-06-10,49.58,127.37,77.79,29.39,100.64,71.25
2019-06-11,37.75,147.75,110.01,31.71,122.51,90.8
2019-06-12,14.67,102.32,87.65,-1.81,87.47,89.29
2019-06-13,12.26,97.81,85.55,-0.55,77.66,78.21
2019-06-14,-0.3,117.41,117.72,-16.08,91.87,107.95
2019-06-17,5.41,84.4,78.99,-0.34,69.33,69.67
2019-06-18,9.75,78.67,68.92,6.17,67.86,61.69
2019-06-19,20.93,120.36,99.44,28.31,106.92,78.61
2019-06-20,19.14,154.61,135.47,36.5,133.52,97.02
2019-06-21,37.22,185.49,148.27,36.08,157.55,121.47
2019-06-24,-7.58,90.16,97.74,-11.53,82.15,93.68
2019-06-25,-23.93,99.81,123.74,-9.06,79.94,89.0
2019-06-26,-9.61,70.52,80.13,-2.53,63.14,65.67
2019-06-27,9.34,101.83,92.49,29.05,101.93,72.88
2019-07-02,-5.06,129.87,134.93,16.28,128.18,111.9
2019-07-03,0.15,94.73,94.58,-5.04,92.47,97.51
2019-07-04,9.41,97.39,87.98,0.35,88.01,87.66
2019-07-05,-1.24,69.8,71.04,5.52,76.0,70.48
2019-07-08,-26.15,78.15,104.3,-9.91,80.17,90.07
2019-07-09,-19.45,60.08,79.52,-6.75,69.0,75.75
2019-07-10,-16.36,59.42,75.79,-0.01,67.75,67.76
2019-07-11,18.24,84.88,66.65,6.12,78.52,72.39
2019-07-12,7.75,78.93,71.18,6.84,81.25,74.41
2019-07-15,-21.29,94.69,115.98,6.88,101.67,94.79
2019-07-16,7.08,78.27,71.18,3.01,78.69,75.69
2019-07-17,9.27,74.77,65.5,8.24,79.39,71.15
2019-07-18,16.68,83.92,67.24,1.77,74.44,72.67
2019-07-19,42.87,108.26,65.38,19.02,92.15,73.13
2019-07-22,-5.79,75.3,81.09,9.64,87.18,77.54
2019-07-23,3.34,69.54,66.19,-7.4,73.6,81.0
2019-07-24,11.87,83.06,71.19,8.63,90.51,81.88
2019-07-25,17.14,77.51,60.36,2.34,84.89,82.55
2019-07-26,-8.78,61.51,70.29,-5.08,65.57,70.65
2019-07-29,-15.11,58.0,73.11,15.7,85.58,69.88
2019-07-30,-4.09,68.51,72.59,28.6,95.65,67.05
2019-07-31,-6.21,52.45,58.66,1.22,61.98,60.76
2019-08-01,-12.83,74.13,86.95,1.32,81.31,79.99
2019-08-02,-46.56,74.33,120.89,-21.56,86.21,107.77
2019-08-05,-24.3,80.65,104.95,-10.33,87.67,98.01
2019-08-06,-32.45,106.09,138.54,2.66,115.64,112.98
2019-08-07,-24.57,76.36,100.92,-5.94,76.67,82.61
2019-08-08,9.36,93.92,84.56,16.13,86.81,70.68
2019-08-09,-0.47,74.73,75.2,14.42,85.82,71.4
2019-08-12,3.02,91.36,88.35,19.38,93.58,74.2
2019-08-13,-17.82,73.76,91.58,-6.54,72.16,78.7
2019-08-14,-5.72,82.06,87.77,17.56,94.23,76.68
2019-08-15,-6.99,81.61,88.59,8.36,92.66,84.3
2019-08-16,-2.98,89.98,92.96,0.8,95.09,94.29
2019-08-19,34.91,131.74,96.83,43.56,142.58,99.02
2019-08-20,-6.18,90.14,96.32,-6.44,100.48,106.92
2019-08-21,12.51,83.91,71.4,7.48,90.72,83.23
2019-08-22,4.16,79.42,75.25,10.99,96.54,85.55
2019-08-23,-1.57,97.07,98.63,13.05,99.51,86.46
2019-08-26,-23.47,90.69,114.16,-6.87,97.75,104.62
2019-08-27,71.0,286.29,215.29,41.71,191.43,149.72
2019-08-28,-3.63,101.09,104.72,-4.16,99.71,103.86
2019-08-29,3.21,95.47,92.25,0.62,99.92,99.3
2019-08-30,40.41,136.55,96.15,26.79,133.68,106.89
2019-09-02,28.74,117.7,88.96,24.36,131.23,106.87
2019-09-03,10.06,96.23,86.17,-9.87,105.82,115.69
2019-09-04,46.4,140.74,94.34,3.33,125.48,122.14
2019-09-05,54.11,177.85,123.74,37.72,155.92,118.2
2019-09-06,54.96,149.25,94.29,30.28,131.39,101.11
2019-09-09,12.38,116.42,104.05,15.48,123.92,108.44
2019-09-10,20.41,123.77,103.36,3.38,120.12,116.74
2019-09-11,18.05,134.86,116.81,6.27,118.16,111.89
2019-09-12,24.89,118.92,94.04,8.07,102.03,93.96
2019-09-16,4.19,116.45,112.26,4.91,107.82,102.91
2019-09-17,-7.05,106.64,113.69,1.87,101.35,99.49
2019-09-18,24.52,113.9,89.38,14.69,99.17,84.48
2019-09-19,3.77,89.39,85.62,23.15,106.72,83.57
2019-09-20,71.37,256.23,184.86,77.25,210.52,133.27
2019-09-23,-22.11,90.47,112.58,6.8,110.23,103.43
2019-09-24,8.07,96.09,88.01,19.44,115.84,96.39
2019-09-25,-4.76,90.02,94.78,9.69,118.73,109.04
2019-09-26,14.17,113.78,99.61,10.81,127.25,116.44
2019-09-27,-3.61,78.86,82.47,6.8,97.92,91.13
2019-09-30,-2.31,78.22,80.52,-4.05,82.55,86.59
2019-10-08,3.53,114.47,110.94,13.91,120.4,106.49
2019-10-09,-19.83,81.16,100.99,-2.33,93.42,95.75
2019-10-10,1.57,96.28,94.71,-0.2,110.48,110.68
2019-10-11,27.31,110.84,83.53,9.95,106.04,96.09
2019-10-14,5.2,105.09,99.9,21.82,114.27,92.45
2019-10-15,26.97,103.76,76.79,9.74,101.91,92.16
2019-10-16,7.03,98.75,91.73,20.34,103.9,83.57
2019-10-17,2.01,82.57,80.55,15.37,90.09,74.72
2019-10-18,-14.9,89.09,104.0,2.47,95.34,92.88
2019-10-21,21.28,87.82,66.55,7.87,92.44,84.57
2019-10-22,3.66,74.19,70.53,-0.71,85.3,86.02
2019-10-23,-12.69,66.01,78.7,-5.36,79.5,84.86
2019-10-24,-5.35,72.24,77.59,10.96,85.25,74.3
2019-10-25,0.06,93.86,93.8,15.31,100.77,85.46
2019-10-28,15.8,101.05,85.26,12.6,111.79,99.19
2019-10-29,8.89,88.0,79.11,15.35,117.74,102.39
2019-10-30,6.38,103.7,97.32,22.62,114.97,92.35
2019-10-31,31.89,123.1,91.2,42.0,139.79,97.79
2019-11-01,32.79,119.3,86.52,41.71,132.51,90.8
2019-11-04,22.68,104.37,81.69,18.17,114.11,95.94
2019-11-05,31.69,131.75,100.07,20.32,118.01,97.69
2019-11-06,9.22,91.48,82.26,-1.31,102.23,103.54
2019-11-07,5.27,81.44,76.17,15.82,96.05,80.23
2019-11-08,-6.06,86.96,93.02,19.72,116.3,96.58
2019-11-11,-0.6,80.37,80.98,7.3,104.63,97.32
2019-11-12,-0.09,77.94,78.03,-0.02,93.2,93.22
2019-11-13,-16.48,73.74,90.22,-1.16,83.38,84.53
2019-11-14,-1.01,76.49,77.5,13.12,95.69,82.57
2019-11-15,7.28,77.58,70.3,9.57,93.19,83.62
2019-11-18,-0.59,69.88,70.48,15.18,89.57,74.39
2019-11-19,9.3,81.46,72.16,15.95,106.77,90.82
2019-11-20,-8.35,73.92,82.26,10.25,96.54,86.3
2019-11-21,-6.02,84.07,90.09,12.32,95.5,83.18
2019-11-22,-4.25,111.82,116.07,13.7,136.33,122.63
2019-11-25,36.53,124.65,88.11,19.83,127.47,107.64
2019-11-26,108.75,389.88,281.12,105.55,338.56,233.01
2019-11-27,5.81,92.46,86.65,18.41,117.0,98.59
2019-11-28,7.6,79.27,71.67,9.78,88.07,78.29
2019-11-29,-2.97,89.29,92.26,9.68,98.3,88.63
2019-12-02,17.6,85.45,67.85,9.5,88.3,78.8
2019-12-03,13.34,83.1,69.76,21.22,101.17,79.94
2019-12-04,4.23,84.71,80.48,35.35,120.1,84.75
2019-12-05,19.31,90.75,71.44,41.33,119.51,78.18
2019-12-06,20.87,91.74,70.87,22.74,107.51,84.76
2019-12-09,25.68,102.0,76.33,8.23,108.67,100.43
2019-12-10,18.9,83.54,64.64,10.64,101.66,91.01
2019-12-11,13.54,86.75,73.21,10.14,111.11,100.97
2019-12-12,40.6,107.7,67.09,24.61,105.6,80.98
2019-12-13,34.57,180.84,146.27,18.14,153.89,135.75
2019-12-16,-3.73,108.31,112.04,10.73,137.13,126.39
2019-12-17,49.9,156.23,106.33,38.16,176.3,138.14
2019-12-18,23.06,123.37,100.32,21.77,147.07,125.3
2019-12-19,20.83,106.98,86.16,14.54,126.2,111.66
2019-12-20,26.15,125.63,99.48,11.0,139.2,128.2
2019-12-23,9.13,108.77,99.64,8.36,127.17,118.81
2019-12-27,32.99,152.51,119.52,13.82,159.37,145.55
2019-12-30,14.73,135.76,121.02,29.55,148.72,119.18
2019-12-31,-1.63,93.41,95.04,0.01,114.5,114.49
2020-01-02,50.45,182.66,132.21,51.02,179.64,128.61
2020-01-03,14.15,145.44,131.29,19.46,151.37,131.91
2020-01-06,8.05,157.99,149.94,35.5,188.73,153.23
2020-01-07,19.71,147.78,128.07,25.36,172.32,146.96
2020-01-08,-4.14,125.1,129.24,18.36,168.12,149.75
2020-01-09,32.61,152.68,120.07,42.9,188.71,145.81
2020-01-10,14.94,132.01,117.07,14.64,166.93,152.29
2020-01-13,25.75,140.62,114.87,51.36,192.97,141.61
2020-01-14,20.51,138.6,118.09,13.77,163.97,150.2
2020-01-15,-4.97,116.68,121.65,15.41,154.93,139.52
2020-01-16,15.72,127.63,111.91,22.75,168.27,145.52
2020-01-17,18.38,131.09,112.71,16.83,159.7,142.87
2020-01-20,12.5,138.64,126.14,29.43,185.9,156.47
2020-01-21,-42.03,131.57,173.59,-29.25,160.67,189.92
2020-01-22,-7.71,148.94,156.66,0.07,177.76,177.68
2020-01-23,-61.42,169.71,231.13,-56.19,191.3,247.49
2020-02-03,135.91,291.82,155.9,45.98,169.26,123.27
2020-02-04,0.32,254.35,254.03,48.88,282.01,233.13
2020-02-05,-7.86,195.1,202.96,4.78,247.53,242.75
2020-02-06,60.83,223.56,162.73,44.75,262.17,217.43
2020-02-07,-8.27,151.32,159.59,-24.72,195.05,219.78
2020-02-10,-11.73,153.73,165.46,-21.0,209.22,230.21
2020-02-11,13.97,159.54,145.57,-3.53,198.4,201.93
2020-02-12,13.71,147.92,134.21,1.14,194.45,193.31
2020-02-13,8.07,154.8,146.73,-0.16,209.33,209.49
2020-02-14,25.17,144.82,119.65,18.06,200.1,182.04
2020-02-17,32.02,175.92,143.9,21.6,224.1,202.49
2020-02-18,-34.02,126.66,160.68,-19.89,205.5,225.39
2020-02-19,24.03,164.3,140.27,13.42,242.12,228.7
2020-02-20,10.64,181.78,171.14,28.34,263.09,234.76
2020-02-21,-20.37,163.61,183.98,9.17,267.14,257.98
2020-02-24,-48.3,162.12,210.42,-38.75,264.06,302.81
2020-02-25,-32.69,190.39,223.08,-15.63,315.45,331.07
2020-02-26,-16.47,210.0,226.46,-50.8,297.18,347.98
2020-02-27,-20.93,190.19,211.13,-18.47,272.03,290.51
2020-02-28,-36.06,214.4,250.45,-15.31,326.97,342.29
2020-03-02,26.5,226.16,199.67,15.02,311.72,296.69
2020-03-03,11.45,213.05,201.6,-6.65,305.4,312.05
2020-03-04,13.34,193.39,180.05,-21.14,252.02,273.17
2020-03-05,32.2,238.0,205.8,15.91,288.15,272.24
2020-03-06,-26.75,147.78,174.52,-3.67,224.03,227.7
2020-03-09,-96.71,166.47,263.18,-46.48,255.23,301.71
2020-03-10,6.26,197.14,190.87,24.7,291.07,266.37
2020-03-11,-1.13,170.39,171.52,-73.52,207.64,281.16
2020-03-12,-66.4,152.07,218.47,-17.4,234.54,251.94
2020-03-13,-105.54,178.7,284.24,-41.72,246.1,287.83
2020-03-16,-53.17,176.18,229.35,-44.91,255.01,299.91
2020-03-17,-56.02,162.85,218.86,-26.36,238.83,265.2
2020-03-18,-41.12,151.4,192.51,-30.8,239.74,270.54
2020-03-19,-56.35,167.31,223.66,-45.85,246.92,292.78
2020-03-20,35.95,212.82,176.87,-19.08,220.79,239.87
2020-03-23,-62.94,129.28,192.22,-17.05,197.11,214.16
2020-03-24,30.63,175.5,144.87,9.24,207.73,198.49
2020-03-25,12.45,173.2,160.75,12.59,214.05,201.46
2020-03-26,-5.69,128.53,134.22,-7.88,170.63,178.51
2020-03-27,22.72,154.41,131.69,11.42,189.78,178.35
2020-03-30,-1.23,151.37,152.6,-0.03,190.56,190.59
2020-03-31,4.19,144.53,140.34,12.31,178.38,166.07
2020-04-01,4.13,129.46,125.33,38.22,207.54,169.31
2020-04-02,21.6,142.18,120.58,21.72,201.6,179.88
2020-04-03,5.23,118.35,113.12,-24.66,159.77,184.43
2020-04-07,62.14,199.44,137.3,64.6,248.37,183.77
2020-04-08,-18.58,120.09,138.67,-15.94,168.41,184.35
2020-04-14,47.22,206.63,159.41,95.07,289.98,194.91
2020-04-15,8.9,130.38,121.48,24.64,210.96,186.32
2020-04-16,19.5,137.28,117.77,18.64,183.01,164.37
2020-04-17,49.37,188.05,138.69,36.87,242.67,205.8
2020-04-20,-7.67,129.01,136.68,8.17,175.03,166.86
2020-04-21,-12.46,116.83,129.29,-15.07,164.09,179.16
2020-04-22,6.93,131.82,124.89,4.85,167.68,162.83
2020-04-23,16.2,139.47,123.27,-9.29,163.01,172.3
2020-04-24,15.62,130.74,115.12,16.87,162.85,145.98
2020-04-27,18.8,148.15,129.36,20.59,171.91,151.32
2020-04-28,0.03,155.53,155.5,10.33,210.5,200.16
2020-05-06,-23.21,213.08,236.29,34.61,300.37,265.76
2020-05-07,-13.1,147.5,160.6,-18.38,192.38,210.76
2020-05-08,13.17,161.28,148.1,35.48,226.91,191.44
2020-05-11,10.72,150.15,139.43,15.76,227.27,211.52
2020-05-12,5.62,144.16,138.54,11.88,201.03,189.15
2020-05-13,0.26,112.7,112.44,-2.31,181.45,183.76
2020-05-14,-16.5,105.78,122.28,3.25,169.08,165.83
2020-05-15,-1.12,116.66,117.78,13.06,177.52,164.46
2020-05-18,24.36,153.25,128.88,9.68,227.76,218.09
2020-05-19,8.85,124.29,115.44,28.14,193.66,165.52
2020-05-20,7.65,127.38,119.73,12.74,210.96,198.22
2020-05-21,21.58,132.74,111.16,-0.27,184.34,184.61
2020-05-22,-32.92,117.52,150.44,-0.34,184.1,184.44
2020-05-25,12.34,113.56,101.22,9.11,160.71,151.59
2020-05-26,9.93,111.51,101.57,28.92,180.31,151.38
2020-05-27,19.08,132.88,113.8,-6.19,161.91,168.1
2020-05-28,25.7,158.43,132.73,2.48,174.81,172.33
2020-05-29,10.82,185.03,174.22,40.26,253.34,213.08
2020-06-01,39.9,188.95,149.05,64.95,281.02,216.06
2020-06-02,37.35,179.92,142.57,-18.07,242.38,260.45
2020-06-03,6.62,162.59,155.96,37.52,252.69,215.17
2020-06-04,4.86,134.75,129.88,23.97,212.64,188.67
2020-06-05,29.84,141.37,111.53,13.56,179.81,166.26
2020-06-08,15.34,163.5,148.15,-9.2,207.69,216.89
2020-06-09,24.93,149.53,124.6,21.36,198.94,177.59
2020-06-10,-12.33,125.46,137.79,16.55,204.26,187.7
2020-06-11,-18.85,137.92,156.77,20.3,233.95,213.65
2020-06-12,-7.32,185.32,192.63,-1.63,248.24,249.87
2020-06-15,-51.25,139.03,190.28,10.54,261.05,250.51
2020-06-16,21.01,147.92,126.92,18.7,249.46,230.76
2020-06-17,-7.45,128.03,135.48,-19.77,213.68,233.45
2020-06-18,30.12,160.68,130.57,19.45,250.74,231.29
2020-06-19,98.87,306.26,207.39,83.46,352.44,268.98
2020-06-22,12.76,175.51,162.76,9.07,259.12,250.06
2020-06-23,17.48,176.69,159.21,-9.96,241.78,251.73
2020-06-24,16.98,162.19,145.22,1.58,240.41,238.83
2020-06-29,-14.63,166.68,181.31,0.17,237.19,237.02
2020-07-02,111.61,393.15,281.54,59.54,438.28,378.73
2020-07-03,80.41,343.69,263.28,51.53,402.84,351.31
2020-07-06,51.0,451.2,400.19,85.52,480.33,394.81
2020-07-07,66.61,494.13,427.51,31.83,510.88,479.06
2020-07-08,3.47,381.12,377.66,8.07,438.01,429.94
2020-07-09,33.28,350.6,317.32,46.23,488.21,441.98
2020-07-10,-17.04,310.02,327.06,-26.89,440.64,467.53
2020-07-13,33.42,358.71,325.29,35.08,487.78,452.7
2020-07-14,-49.95,319.46,369.41,-123.89,434.66,558.55
2020-07-15,-14.74,329.93,344.67,-12.31,446.39,458.71
2020-07-16,-23.72,382.29,406.0,-45.49,483.28,528.77
2020-07-17,3.97,316.25,312.27,6.46,418.57,412.12
2020-07-20,23.44,346.44,323.0,-82.43,376.16,458.59
2020-07-21,-36.99,289.06,326.05,6.88,388.62,381.75
2020-07-22,-18.58,302.76,321.34,60.28,424.17,363.89
2020-07-23,-30.96,281.21,312.17,-5.57,406.35,411.93
2020-07-24,-92.99,311.9,404.89,-70.59,423.68,494.26
2020-07-27,-38.16,241.19,279.35,23.02,377.43,354.41
2020-07-28,-37.33,213.77,251.1,15.0,342.11,327.1
2020-07-29,4.15,263.29,259.14,73.16,414.53,341.37
2020-07-30,-15.75,231.89,247.64,-47.63,329.63,377.26
2020-07-31,-28.15,258.54,286.69,9.11,377.28,368.16
2020-08-03,-21.71,252.82,274.52,19.75,388.16,368.41
2020-08-04,40.07,293.77,253.7,-18.7,362.41,381.11
2020-08-05,-32.47,232.2,264.66,12.66,348.56,335.9
2020-08-06,-5.37,262.28,267.65,-20.1,357.89,378.0
2020-08-07,-25.28,251.98,277.26,6.66,364.47,357.81
2020-08-10,13.99,251.42,237.42,-13.92,335.3,349.22
2020-08-11,21.24,265.18,243.93,18.24,357.7,339.46
2020-08-12,9.48,276.17,266.69,-25.86,355.28,381.14
2020-08-13,-10.23,200.31,210.54,-10.6,278.74,289.34
2020-08-14,34.34,216.0,181.66,29.95,285.44,255.48
2020-08-17,41.33,305.74,264.41,15.8,350.91,335.11
2020-08-18,-9.55,257.82,267.36,-10.83,317.34,328.17
2020-08-19,-22.14,145.52,167.66,-39.2,171.63,210.83
2020-08-20,-43.81,232.04,275.85,15.49,307.33,291.85
2020-08-21,-7.64,200.74,208.39,18.91,296.65,277.74
2020-08-24,-2.73,219.84,222.57,22.21,330.69,308.48
2020-08-25,24.57,216.74,192.17,-7.18,292.92,300.1
2020-08-26,2.27,223.61,221.33,-14.05,300.85,314.9
2020-08-27,-21.21,183.27,204.48,11.16,268.08,256.92
2020-08-28,14.87,249.18,234.31,49.56,336.36,286.8
2020-08-31,-34.14,303.08,337.22,-46.12,353.99,400.11
2020-09-01,-18.05,187.72,205.77,15.05,274.78,259.73
2020-09-02,-60.08,185.45,245.52,-6.07,293.23,299.3
2020-09-03,9.17,215.27,206.1,-19.21,283.98,303.19
2020-09-04,-31.06,176.0,207.06,-32.11,259.33,291.44
2020-09-07,-22.02,207.34,229.37,-32.63,303.22,335.85
2020-09-08,23.63,212.86,189.23,39.87,303.08,263.2
2020-09-09,-16.4,205.35,221.75,-21.18,299.2,320.38
2020-09-10,-9.55,199.12,208.67,19.54,291.28,271.74
2020-09-11,-10.82,168.95,179.77,23.73,261.29,237.56
2020-09-14,-26.84,156.78,183.62,-4.6,265.2,269.8
2020-09-15,1.78,167.0,165.22,31.43,262.41,230.98
2020-09-16,22.28,192.31,170.03,-14.86,259.93,274.79
2020-09-17,-23.23,176.08,199.31,27.62,263.56,235.94
2020-09-18,59.94,283.8,223.86,34.8,328.19,293.39
2020-09-21,-32.42,164.21,196.63,-32.54,233.75,266.29
2020-09-22,-18.55,160.17,178.73,-1.46,234.25,235.71
2020-09-23,-8.34,145.02,153.37,-19.18,219.36,238.55
2020-09-24,-58.89,150.89,209.78,-62.79,206.55,269.35
2020-09-25,-10.7,143.55,154.24,-2.22,201.29,203.51
2020-09-28,-11.17,135.95,147.11,0.38,196.31,195.93
2020-09-29,-27.84,122.89,150.73,26.9,231.34,204.44
2020-09-30,-12.74,149.02,161.76,-16.29,215.26,231.56
2020-10-09,21.54,231.32,209.78,91.13,368.26,277.13
2020-10-12,69.83,275.83,205.99,65.27,379.04,313.77
2020-10-14,2.05,228.29,226.24,-17.6,349.13,366.73
2020-10-15,2.82,175.85,173.03,-6.15,251.02,257.16
2020-10-16,-2.32,184.19,186.51,-2.71,246.43,249.14
2020-10-19,-2.76,186.78,189.54,-29.68,220.08,249.76
2020-10-20,-21.0,145.51,166.5,9.87,233.47,223.6
2020-10-21,-20.2,152.24,172.44,-49.02,203.98,253.0
2020-10-22,-7.72,156.28,164.0,-19.76,212.05,231.82
2020-10-27,-31.58,193.12,224.71,-14.78,270.76,285.54
2020-10-28,3.07,175.76,172.69,-1.2,254.46,255.66
2020-10-29,9.55,196.09,186.55,8.32,278.65,270.33
2020-10-30,-39.37,202.57,241.94,-17.36,292.35,309.71
2020-11-02,6.31,217.1,210.79,24.5,283.43,258.93
2020-11-03,31.03,216.39,185.37,0.19,268.91,268.72
2020-11-04,2.38,181.5,179.12,-0.02,236.32,236.34
2020-11-05,50.59,220.93,170.34,59.38,313.97,254.59
2020-11-06,36.57,229.77,193.2,3.24,302.73,299.49
2020-11-09,80.84,294.13,213.3,116.16,416.17,300.02
2020-11-10,21.43,250.18,228.74,-62.53,296.69,359.22
2020-11-11,24.9,237.91,213.01,-34.2,298.77,332.97
2020-11-12,-17.07,186.16,203.23,12.0,268.02,256.02
2020-11-13,-36.36,176.51,212.86,-13.04,268.55,281.59
2020-11-16,37.66,213.3,175.64,-11.76,262.07,273.84
2020-11-17,15.31,217.81,202.5,-14.78,284.38,299.16
2020-11-18,6.13,226.66,220.53,-6.27,271.82,278.1
2020-11-19,13.35,187.67,174.33,-8.96,244.22,253.18
2020-11-20,11.95,174.93,162.98,12.49,243.2,230.71
2020-11-23,66.82,268.21,201.38,33.69,302.52,268.83
2020-11-24,-9.24,189.52,198.76,7.87,265.47,257.61
2020-11-25,8.66,215.12,206.46,-24.35,241.65,266.0
2020-11-26,31.59,202.88,171.29,28.7,244.22,215.52
2020-11-27,17.26,193.44,176.18,7.51,214.75,207.24
2020-11-30,11.59,360.96,349.37,37.8,394.93,357.13
2020-12-01,100.49,295.81,195.31,62.43,326.35,263.91
2020-12-02,-8.48,220.77,229.25,-31.77,266.82,298.59
2020-12-03,33.31,217.09,183.78,2.63,262.07,259.44
2020-12-04,27.56,207.46,179.9,9.82,236.3,226.48
2020-12-07,8.65,203.2,194.55,-20.25,223.99,244.25
2020-12-08,40.24,199.57,159.32,26.51,227.02,200.51
2020-12-09,19.47,195.56,176.09,19.43,245.24,225.82
2020-12-10,14.98,193.93,178.94,0.23,231.19,230.96
2020-12-11,-10.09,248.23,258.31,-29.59,266.63,296.23
2020-12-14,-15.2,180.09,195.29,17.43,232.23,214.8
2020-12-15,2.52,200.19,197.68,-6.02,240.91,246.92
2020-12-16,28.73,183.59,154.86,-9.58,213.46,223.04
2020-12-17,44.02,237.31,193.29,36.56,266.81,230.24
2020-12-18,19.07,243.55,224.48,-32.69,249.81,282.5
2020-12-21,27.09,224.93,197.84,51.51,291.49,239.98
2020-12-22,-3.21,226.49,229.7,-32.65,257.84,290.48
2020-12-23,24.56,222.84,198.28,18.83,280.86,262.03
2020-12-28,-10.07,238.63,248.7,5.99,304.93,298.94
2020-12-29,13.83,223.01,209.19,30.89,285.21,254.32
2020-12-30,7.85,206.79,198.94,56.55,314.61,258.06
2020-12-31,15.65,239.29,223.64,15.13,312.54,297.41
2021-01-04,-13.95,289.8,303.75,8.53,383.46,374.93
2021-01-05,-21.69,327.38,349.07,-22.75,419.82,442.57
2021-01-06,18.69,321.4,302.71,-16.33,381.12,397.45
2021-01-07,16.47,323.16,306.69,16.16,392.4,376.24
2021-01-08,105.85,416.21,310.36,100.29,486.17,385.88
2021-01-11,-9.5,340.09,349.58,18.43,436.89,418.46
2021-01-12,39.87,315.42,275.55,44.58,393.28,348.7
2021-01-13,-3.58,333.9,337.47,30.7,435.3,404.61
2021-01-14,21.47,342.73,321.27,29.6,405.04,375.44
2021-01-15,-3.39,352.86,356.25,11.41,393.82,382.41
2021-01-18,-6.66,277.23,283.89,23.02,357.73,334.71
2021-01-19,11.39,330.55,319.16,-2.21,372.0,374.21
2021-01-20,-13.57,266.84,280.42,47.52,346.49,298.98
2021-01-21,28.27,302.3,274.03,28.51,387.94,359.43
2021-01-22,-7.97,279.37,287.34,-12.22,361.54,373.76
2021-01-25,16.27,332.14,315.87,3.04,420.95,417.91
2021-01-26,-29.16,267.48,296.64,-6.25,385.67,391.92
2021-01-27,-12.31,253.94,266.26,-0.23,347.62,347.86
2021-01-28,-36.6,236.65,273.26,-27.44,334.37,361.81
2021-01-29,4.85,272.71,267.85,20.47,375.1,354.62
2021-02-01,28.47,262.54,234.07,6.13,314.26,308.14
2021-02-02,2.99,274.62,271.63,29.82,358.88,329.06
2021-02-03,5.66,281.55,275.89,28.57,371.1,342.53
2021-02-04,10.7,284.78,274.08,57.01,391.78,334.77
2021-02-05,27.16,280.84,253.68,56.77,371.64,314.87
2021-02-08,24.65,279.58,254.94,54.65,369.84,315.19
2021-02-09,12.52,266.99,254.47,13.72,334.74,321.02
2021-02-10,-20.33,268.96,289.29,2.52,336.02,333.5
2021-02-18,26.72,417.88,391.16,24.02,462.56,438.54
2021-02-19,18.01,383.38,365.37,77.52,439.37,361.85
2021-02-22,-4.92,389.52,394.44,-6.22,418.1,424.32
2021-02-23,21.96,345.74,323.78,-15.45,364.72,380.17
2021-02-24,-1.44,365.44,366.88,-5.29,410.22,415.51
2021-02-25,8.41,334.54,326.14,-15.73,343.33,359.07
2021-02-26,-45.76,349.79,395.55,-10.56,408.09,418.66
2021-03-01,9.18,282.14,272.97,28.69,334.3,305.61
2021-03-02,-33.13,284.78,317.91,-34.77,315.12,349.89
2021-03-03,64.19,297.81,233.62,25.91,296.22,270.31
2021-03-04,-22.18,304.84,327.02,-51.51,317.87,369.38
2021-03-05,13.23,311.95,298.72,-7.97,328.25,336.22
2021-03-08,-46.95,278.01,324.96,-38.94,314.64,353.58
2021-03-09,15.85,383.49,367.64,8.46,379.66,371.19
2021-03-10,39.89,295.41,255.52,12.36,307.82,295.46
2021-03-11,37.81,283.22,245.41,29.38,313.88,284.5
2021-03-12,15.14,277.51,262.38,-6.86,295.23,302.09
2021-03-15,13.92,290.4,276.48,22.95,298.1,275.14
2021-03-16,21.79,239.4,217.62,33.93,282.67,248.73
2021-03-17,-24.56,214.61,239.17,26.21,276.13,249.92
2021-03-18,19.59,232.89,213.3,13.56,274.02,260.46
2021-03-19,-23.97,280.12,304.09,-16.34,298.83,315.17
2021-03-22,24.06,240.24,216.18,47.57,296.42,248.85
2021-03-23,-30.96,208.85,239.81,-40.88,240.11,280.99
2021-03-24,55.0,260.59,205.59,-4.94,252.22,257.16
2021-03-25,19.97,220.09,200.13,7.52,245.9,238.38
2021-03-26,16.53,256.12,239.59,47.77,306.5,258.73
2021-03-29,-26.4,220.15,246.55,-32.03,256.66,288.69
2021-03-30,43.33,246.3,202.97,-5.25,245.49,250.75
2021-03-31,-20.09,219.72,239.81,-58.94,197.58,256.53
2021-04-07,-26.74,248.41,275.15,-1.41,296.81,298.22
2021-04-08,-13.15,204.22,217.37,-3.88,213.0,216.88
2021-04-09,-17.68,179.82,197.5,9.61,214.2,204.59
2021-04-12,42.3,231.38,189.08,0.74,238.16,237.42
2021-04-13,26.06,209.18,183.12,58.65,258.73,200.08
2021-04-14,15.41,187.89,172.48,41.91,240.18,198.28
2021-04-15,5.04,183.51,178.47,-14.54,199.54,214.08
2021-04-16,33.14,208.89,175.76,38.39,238.36,199.97
2021-04-19,65.59,262.61,197.01,97.56,318.29,220.73
2021-04-20,6.81,211.16,204.35,-11.78,244.35,256.13
2021-04-21,-20.74,183.82,204.57,10.17,226.97,216.79
2021-04-22,-21.84,184.18,206.02,5.87,241.41,235.54
2021-04-23,38.1,217.9,179.8,40.5,269.78,229.29
2021-04-26,-1.02,230.14,231.16,33.06,306.36,273.3
2021-04-27,7.93,202.6,194.68,27.2,257.91,230.71
2021-04-28,14.17,220.97,206.8,5.91,249.17,243.26
2021-04-29,47.04,264.11,217.07,3.84,260.99,257.15
2021-04-30,-14.92,268.78,283.7,-1.2,308.71,309.91
2021-05-06,5.83,323.49,317.66,-3.99,340.41,344.4
2021-05-07,-12.82,268.34,281.16,16.63,297.23,280.61
2021-05-10,6.44,235.46,229.02,38.83,281.7,242.87
2021-05-11,-29.3,226.06,255.37,-18.5,248.22,266.72
2021-05-12,5.03,208.2,203.17,-9.31,220.69,230.0
2021-05-13,-30.61,190.51,221.12,-25.78,215.11,240.89
2021-05-14,55.7,258.64,202.95,34.64,274.73,240.09
2021-05-17,23.32,248.59,225.27,2.46,267.98,265.52
2021-05-20,-14.85,245.71,260.57,-0.39,304.03,304.42
2021-05-21,-20.72,193.29,214.01,14.94,262.49,247.55
2021-05-24,5.72,192.6,186.88,13.14,258.59,245.45
2021-05-25,168.12,377.37,209.25,49.12,343.09,293.98
2021-05-26,69.79,284.05,214.27,21.24,275.24,253.99
2021-05-27,63.38,379.11,315.73,82.89,390.47,307.57
2021-05-28,-6.1,235.37,241.48,0.84,299.77,298.93
2021-05-31,13.16,239.63,226.46,38.95,312.42,273.47
2021-06-01,4.39,241.55,237.16,6.63,304.24,297.6
2021-06-02,11.64,231.55,219.91,-31.78,259.65,291.43
2021-06-03,-0.27,223.72,223.99,15.48,269.83,254.35
2021-06-04,16.54,261.38,244.84,14.13,277.32,263.19
2021-06-07,-11.24,207.0,218.24,-28.48,240.99,269.46
2021-06-08,-3.97,250.5,254.47,6.98,292.39,285.41
2021-06-09,28.49,236.21,207.72,-0.35,250.1,250.45
2021-06-10,40.91,280.29,239.37,27.29,292.1,264.81
2021-06-11,-30.15,327.47,357.62,-0.17,352.61,352.78
2021-06-15,-56.08,225.4,281.48,4.54,296.35,291.8
2021-06-16,-1.99,248.15,250.14,-2.06,284.78,286.84
2021-06-17,-13.54,215.97,229.5,29.47,285.22,255.75
2021-06-18,-18.18,291.03,309.21,7.78,341.09,333.3
2021-06-21,-17.56,232.82,250.38,-2.54,322.4,324.94
2021-06-22,-14.6,250.91,265.51,-9.53,290.68,300.21
2021-06-23,50.1,283.41,233.31,31.89,337.02,305.13
2021-06-24,26.02,248.94,222.92,4.95,291.87,286.92
2021-06-25,75.55,309.82,234.27,65.48,350.14,284.66
2021-06-28,-21.65,126.09,147.75,-18.9,151.12,170.02
2021-06-29,-27.25,231.02,258.27,-4.14,296.84,300.98
2021-07-02,-60.51,283.79,344.31,-25.51,343.17,368.69
2021-07-05,31.5,270.14,238.65,27.69,323.5,295.8
2021-07-06,7.57,309.5,301.93,-8.17,342.33,350.5
2021-07-07,6.04,272.47,266.43,37.68,357.37,319.69
2021-07-08,-16.34,276.16,292.5,-0.67,357.08,357.75
2021-07-09,1.1,293.29,292.19,-3.21,352.15,355.36
